model_1h,model_15m,ticker,total_trades,winning_trades,losing_trades,win_rate,total_pnl,total_pnl_pct,avg_win,avg_loss,profit_factor,max_drawdown_pct,sharpe_ratio
quad_ensemble_NGG6_60_1h.pkl,ensemble_NGG6_15_mtf_15min.pkl,NGG6,39,22,17,56.41025641025641,3060.5989788746974,30.605989788746975,222.59327160664526,-108.02664685126467,2.6665817120041906,3.0523005449955067,6.775565384497374
quad_ensemble_NGG6_60_1h.pkl,ensemble_NGG6_15_mtf_15min.pkl,NGG6,39,22,17,56.41025641025641,3060.5989788746974,30.605989788746975,222.59327160664526,-108.02664685126467,2.6665817120041906,3.0523005449955067,6.775565384497374
quad_ensemble_NGG6_60_1h.pkl,ensemble_NGG6_15_mtf_15min.pkl,NGG6,39,22,17,56.41025641025641,3060.5989788746974,30.605989788746975,222.59327160664526,-108.02664685126467,2.6665817120041906,3.0523005449955067,6.775565384497374
quad_ensemble_NGG6_60_1h.pkl,ensemble_NGG6_15_mtf_15min.pkl,NGG6,39,22,17,56.41025641025641,3060.5989788746974,30.605989788746975,222.59327160664526,-108.02664685126467,2.6665817120041906,3.0523005449955067,6.775565384497374
rf_NGG6_60_mtf_1h.pkl,ensemble_NGG6_15_mtf_15min.pkl,NGG6,36,21,15,58.333333333333336,3044.6821113817205,30.446821113817208,223.36656134463513,-109.73437845704123,2.8497285014915352,3.3098234877572743,7.137713311699365
ensemble_NGG6_60_1h.pkl,ensemble_NGG6_15_mtf_15min.pkl,NGG6,40,21,19,52.5,2787.4908660671954,27.874908660671956,226.1665373744563,-103.26349572612564,2.420734835198556,3.1218246307004214,6.023288133166101
ensemble_NGG6_60_1h.pkl,ensemble_NGG6_15_mtf_15min.pkl,NGG6,40,21,19,52.5,2787.4908660671954,27.874908660671956,226.1665373744563,-103.26349572612564,2.420734835198556,3.1218246307004214,6.023288133166101
ensemble_NGG6_60_1h.pkl,ensemble_NGG6_15_mtf_15min.pkl,NGG6,40,21,19,52.5,2787.4908660671954,27.874908660671956,226.1665373744563,-103.26349572612564,2.420734835198556,3.1218246307004214,6.023288133166101
ensemble_NGG6_60_1h.pkl,ensemble_NGG6_15_mtf_15min.pkl,NGG6,40,21,19,52.5,2787.4908660671954,27.874908660671956,226.1665373744563,-103.26349572612564,2.420734835198556,3.1218246307004214,6.023288133166101
quad_ensemble_NGG6_60_mtf_1h.pkl,ensemble_NGG6_15_mtf_15min.pkl,NGG6,41,22,19,53.65853658536586,2746.8988205104724,27.468988205104722,216.07337268105428,-105.61659886698519,2.368853226510428,4.698644755926261,5.860359249586776
quad_ensemble_NGG6_60_mtf_1h.pkl,ensemble_NGG6_15_mtf_15min.pkl,NGG6,41,22,19,53.65853658536586,2746.8988205104724,27.468988205104722,216.07337268105428,-105.61659886698519,2.368853226510428,4.698644755926261,5.860359249586776
triple_ensemble_NGG6_60_1h.pkl,ensemble_NGG6_15_mtf_15min.pkl,NGG6,31,18,13,58.06451612903226,2645.1110207889596,26.451110207889595,223.34988688617085,-105.78361101247076,2.9234555955765247,2.66346358903733,7.288829336678306
triple_ensemble_NGG6_60_1h.pkl,ensemble_NGG6_15_mtf_15min.pkl,NGG6,31,18,13,58.06451612903226,2645.1110207889596,26.451110207889595,223.34988688617085,-105.78361101247076,2.9234555955765247,2.66346358903733,7.288829336678306
quad_ensemble_NGG6_60_mtf_1h.pkl,triple_ensemble_NGG6_15_15min.pkl,NGG6,39,21,18,53.84615384615385,2619.4081085682155,26.194081085682154,218.89659688959398,-109.85669033962536,2.3246591741326488,4.60739743630619,5.695326745141158
quad_ensemble_NGG6_60_mtf_1h.pkl,triple_ensemble_NGG6_15_15min.pkl,NGG6,39,21,18,53.84615384615385,2619.4081085682155,26.194081085682154,218.89659688959398,-109.85669033962536,2.3246591741326488,4.60739743630619,5.695326745141158
quad_ensemble_NGG6_60_mtf_1h.pkl,quad_ensemble_NGG6_15_15min.pkl,NGG6,39,21,18,53.84615384615385,2605.2394370176808,26.052394370176806,218.1989173680594,-109.82987931730918,2.3178155632913438,4.61326163757097,5.672112212519612
quad_ensemble_NGG6_60_mtf_1h.pkl,quad_ensemble_NGG6_15_15min.pkl,NGG6,39,21,18,53.84615384615385,2605.239435424086,26.05239435424086,218.19891726059407,-109.8298792804662,2.3178155629273167,4.6132616382407425,5.672112210563697
quad_ensemble_NGG6_60_mtf_1h.pkl,quad_ensemble_NGG6_15_15min.pkl,NGG6,39,21,18,53.84615384615385,2584.58323866492,25.8458323866492,217.68661969934394,-110.37976527896126,2.3008539866045083,4.621837723709382,5.626471023984882
quad_ensemble_NGG6_60_mtf_1h.pkl,quad_ensemble_NGG6_15_15min.pkl,NGG6,39,21,18,53.84615384615385,2584.58323866492,25.8458323866492,217.68661969934394,-110.37976527896126,2.3008539866045083,4.621837723709382,5.626471023984882
rf_NGG6_60_mtf_1h.pkl,quad_ensemble_NGG6_15_mtf_15min.pkl,NGG6,35,19,16,54.285714285714285,2577.8508187955777,25.77850818795578,230.28820701757,-112.35156965864083,2.434031377258398,3.387549822624446,6.031604713329467
ensemble_NGG6_60_mtf_1h.pkl,quad_ensemble_NGG6_15_15min.pkl,NGG6,40,21,19,52.5,2573.7929924804666,25.737929924804664,218.729870984832,-106.29127885268446,2.274448765130255,4.60739743630619,5.516153220306503
ensemble_NGG6_60_mtf_1h.pkl,quad_ensemble_NGG6_15_15min.pkl,NGG6,40,21,19,52.5,2573.7929924804666,25.737929924804664,218.729870984832,-106.29127885268446,2.274448765130255,4.60739743630619,5.516153220306503
ensemble_NGG6_60_mtf_1h.pkl,triple_ensemble_NGG6_15_15min.pkl,NGG6,40,21,19,52.5,2573.7929924804666,25.737929924804664,218.729870984832,-106.29127885268446,2.274448765130255,4.60739743630619,5.516153220306503
ensemble_NGG6_60_mtf_1h.pkl,triple_ensemble_NGG6_15_15min.pkl,NGG6,40,21,19,52.5,2573.7929924804666,25.737929924804664,218.729870984832,-106.29127885268446,2.274448765130255,4.60739743630619,5.516153220306503
ensemble_NGG6_60_mtf_1h.pkl,triple_ensemble_NGG6_15_15min.pkl,NGG6,40,21,19,52.5,2573.7929924804666,25.737929924804664,218.729870984832,-106.29127885268446,2.274448765130255,4.60739743630619,5.516153220306503
ensemble_NGG6_60_mtf_1h.pkl,triple_ensemble_NGG6_15_15min.pkl,NGG6,40,21,19,52.5,2573.7929924804666,25.737929924804664,218.729870984832,-106.29127885268446,2.274448765130255,4.60739743630619,5.516153220306503
ensemble_NGG6_60_mtf_1h.pkl,quad_ensemble_NGG6_15_15min.pkl,NGG6,40,21,19,52.5,2573.7929924804666,25.737929924804664,218.729870984832,-106.29127885268446,2.274448765130255,4.60739743630619,5.516153220306503
ensemble_NGG6_60_mtf_1h.pkl,quad_ensemble_NGG6_15_15min.pkl,NGG6,40,21,19,52.5,2573.7929924804666,25.737929924804664,218.729870984832,-106.29127885268446,2.274448765130255,4.60739743630619,5.516153220306503
quad_ensemble_NGG6_60_1h.pkl,triple_ensemble_NGG6_15_15min.pkl,NGG6,38,20,18,52.63157894736842,2523.5251701649195,25.235251701649197,225.51804725931112,-110.37976527896126,2.2701226754072628,4.621837723709382,5.565428987930671
quad_ensemble_NGG6_60_1h.pkl,quad_ensemble_NGG6_15_15min.pkl,NGG6,38,20,18,52.63157894736842,2523.5251701649195,25.235251701649197,225.51804725931112,-110.37976527896126,2.2701226754072628,4.621837723709382,5.565428987930671
quad_ensemble_NGG6_60_1h.pkl,triple_ensemble_NGG6_15_15min.pkl,NGG6,38,20,18,52.63157894736842,2523.5251701649195,25.235251701649197,225.51804725931112,-110.37976527896126,2.2701226754072628,4.621837723709382,5.565428987930671
quad_ensemble_NGG6_60_1h.pkl,quad_ensemble_NGG6_15_15min.pkl,NGG6,38,20,18,52.63157894736842,2523.5251701649195,25.235251701649197,225.51804725931112,-110.37976527896126,2.2701226754072628,4.621837723709382,5.565428987930671
quad_ensemble_NGG6_60_1h.pkl,triple_ensemble_NGG6_15_15min.pkl,NGG6,38,20,18,52.63157894736842,2523.5251701649195,25.235251701649197,225.51804725931112,-110.37976527896126,2.2701226754072628,4.621837723709382,5.565428987930671
quad_ensemble_NGG6_60_1h.pkl,quad_ensemble_NGG6_15_15min.pkl,NGG6,38,20,18,52.63157894736842,2523.5251701649195,25.235251701649197,225.51804725931112,-110.37976527896126,2.2701226754072628,4.621837723709382,5.565428987930671
quad_ensemble_NGG6_60_1h.pkl,triple_ensemble_NGG6_15_15min.pkl,NGG6,38,20,18,52.63157894736842,2523.5251701649195,25.235251701649197,225.51804725931112,-110.37976527896126,2.2701226754072628,4.621837723709382,5.565428987930671
quad_ensemble_NGG6_60_1h.pkl,quad_ensemble_NGG6_15_15min.pkl,NGG6,38,20,18,52.63157894736842,2523.5251701649195,25.235251701649197,225.51804725931112,-110.37976527896126,2.2701226754072628,4.621837723709382,5.565428987930671
ensemble_NGG6_60_1h.pkl,triple_ensemble_NGG6_15_15min.pkl,NGG6,39,20,19,51.28205128205128,2516.236167980469,25.16236167980469,226.78852330907367,-106.29127885268446,2.245948717098751,4.60739743630619,5.454321400407314
ensemble_NGG6_60_1h.pkl,triple_ensemble_NGG6_15_15min.pkl,NGG6,39,20,19,51.28205128205128,2516.236167980469,25.16236167980469,226.78852330907367,-106.29127885268446,2.245948717098751,4.60739743630619,5.454321400407314
ensemble_NGG6_60_1h.pkl,quad_ensemble_NGG6_15_15min.pkl,NGG6,39,20,19,51.28205128205128,2516.236167980469,25.16236167980469,226.78852330907367,-106.29127885268446,2.245948717098751,4.60739743630619,5.454321400407314
ensemble_NGG6_60_1h.pkl,quad_ensemble_NGG6_15_15min.pkl,NGG6,39,20,19,51.28205128205128,2516.236167980469,25.16236167980469,226.78852330907367,-106.29127885268446,2.245948717098751,4.60739743630619,5.454321400407314
ensemble_NGG6_60_1h.pkl,triple_ensemble_NGG6_15_15min.pkl,NGG6,39,20,19,51.28205128205128,2516.236167980469,25.16236167980469,226.78852330907367,-106.29127885268446,2.245948717098751,4.60739743630619,5.454321400407314
ensemble_NGG6_60_1h.pkl,triple_ensemble_NGG6_15_15min.pkl,NGG6,39,20,19,51.28205128205128,2516.236167980469,25.16236167980469,226.78852330907367,-106.29127885268446,2.245948717098751,4.60739743630619,5.454321400407314
ensemble_NGG6_60_1h.pkl,quad_ensemble_NGG6_15_15min.pkl,NGG6,39,20,19,51.28205128205128,2516.236167980469,25.16236167980469,226.78852330907367,-106.29127885268446,2.245948717098751,4.60739743630619,5.454321400407314
ensemble_NGG6_60_1h.pkl,quad_ensemble_NGG6_15_15min.pkl,NGG6,39,20,19,51.28205128205128,2516.236167980469,25.16236167980469,226.78852330907367,-106.29127885268446,2.245948717098751,4.60739743630619,5.454321400407314
rf_NGG6_60_mtf_1h.pkl,ensemble_NGG6_15_mtf_15min.pkl,NGG6,34,19,15,55.88235294117647,2472.7706499218402,24.727706499218403,214.82568799029613,-107.26116145958572,2.5369158269237038,3.4737377911219793,6.292020094087568
ensemble_NGG6_60_mtf_1h.pkl,ensemble_NGG6_15_mtf_15min.pkl,NGG6,42,21,21,50.0,2467.3439957029696,24.673439957029693,219.02918078574186,-101.53660956179077,2.1571449128646565,4.812225537962977,5.161471003389843
ensemble_NGG6_60_mtf_1h.pkl,ensemble_NGG6_15_mtf_15min.pkl,NGG6,42,21,21,50.0,2467.3439957029696,24.673439957029693,219.02918078574186,-101.53660956179077,2.1571449128646565,4.812225537962977,5.161471003389843
ensemble_NGG6_60_mtf_1h.pkl,ensemble_NGG6_15_mtf_15min.pkl,NGG6,42,21,21,50.0,2467.3439957029696,24.673439957029693,219.02918078574186,-101.53660956179077,2.1571449128646565,4.812225537962977,5.161471003389843
ensemble_NGG6_60_mtf_1h.pkl,ensemble_NGG6_15_mtf_15min.pkl,NGG6,42,21,21,50.0,2467.3439957029696,24.673439957029693,219.02918078574186,-101.53660956179077,2.1571449128646565,4.812225537962977,5.161471003389843
rf_NGG6_60_mtf_1h.pkl,rf_NGG6_15_mtf_15min.pkl,NGG6,38,20,18,52.63157894736842,2442.8673400361113,24.428673400361113,223.7085176191249,-112.85016735257653,2.2026109965811256,4.854220508899328,5.329845601376179
rf_NGG6_60_mtf_1h.pkl,rf_NGG6_15_mtf_15min.pkl,NGG6,38,20,18,52.63157894736842,2442.8673361412184,24.428673361412184,223.7085174243801,-112.85016735257653,2.2026109946636883,4.854220510597231,5.329845595527886
quad_ensemble_NGG6_60_mtf_1h.pkl,triple_ensemble_NGG6_15_15min.pkl,NGG6,38,20,18,52.63157894736842,2425.9083447705016,24.259083447705017,220.1664381338678,-109.85668988371407,2.226804539288809,4.688795366245976,5.375853054970725
quad_ensemble_NGG6_60_mtf_1h.pkl,triple_ensemble_NGG6_15_15min.pkl,NGG6,38,20,18,52.63157894736842,2425.908344666288,24.25908344666288,220.16643814301887,-109.8566898996718,2.2268045390579005,4.688795366286648,5.375853054468616
rf_NGG6_60_mtf_1h.pkl,triple_ensemble_NGG6_15_15min.pkl,NGG6,35,19,16,54.285714285714285,2423.2092060904833,24.232092060904833,222.5462649171233,-112.82311420842882,2.3423718751537574,4.6884986058979194,5.721012070613091
rf_NGG6_60_mtf_1h.pkl,triple_ensemble_NGG6_15_15min.pkl,NGG6,35,19,16,54.285714285714285,2423.2092060904833,24.232092060904833,222.5462649171233,-112.82311420842882,2.3423718751537574,4.6884986058979194,5.721012070613091
triple_ensemble_NGG6_60_mtf_1h.pkl,ensemble_NGG6_15_mtf_15min.pkl,NGG6,34,19,15,55.88235294117647,2412.1648751419852,24.12164875141985,211.94001776706568,-107.6463641621508,2.493882240499068,2.7382015759230156,6.353046154793955
triple_ensemble_NGG6_60_mtf_1h.pkl,ensemble_NGG6_15_mtf_15min.pkl,NGG6,34,19,15,55.88235294117647,2412.1648751419852,24.12164875141985,211.94001776706568,-107.6463641621508,2.493882240499068,2.7382015759230156,6.353046154793955
triple_ensemble_NGG6_60_mtf_1h.pkl,ensemble_NGG6_15_mtf_15min.pkl,NGG6,34,19,15,55.88235294117647,2412.1648751419852,24.12164875141985,211.94001776706568,-107.6463641621508,2.493882240499068,2.7382015759230156,6.353046154793955
triple_ensemble_NGG6_60_mtf_1h.pkl,ensemble_NGG6_15_mtf_15min.pkl,NGG6,34,19,15,55.88235294117647,2412.1648751419852,24.12164875141985,211.94001776706568,-107.6463641621508,2.493882240499068,2.7382015759230156,6.353046154793955
rf_NGG6_60_mtf_1h.pkl,rf_NGG6_15_15min.pkl,NGG6,37,19,18,51.35135135135135,2392.2809556046523,23.922809556046523,231.41660855302135,-111.36858927237499,2.193375065643927,4.854220510597231,5.293651686515058
rf_NGG6_60_mtf_1h.pkl,rf_NGG6_15_15min.pkl,NGG6,37,19,18,51.35135135135135,2392.2809556046523,23.922809556046523,231.41660855302135,-111.36858927237499,2.193375065643927,4.854220510597231,5.293651686515058
rf_NGG6_60_mtf_1h.pkl,triple_ensemble_NGG6_15_mtf_15min.pkl,NGG6,34,18,16,52.94117647058824,2376.838640419952,23.768386404199518,232.0723873941371,-112.52902079215752,2.320125368376082,3.4310295777710977,5.679914861385678
rf_NGG6_60_mtf_1h.pkl,triple_ensemble_NGG6_15_mtf_15min.pkl,NGG6,34,18,16,52.94117647058824,2376.838640419952,23.768386404199518,232.0723873941371,-112.52902079215752,2.320125368376082,3.4310295777710977,5.679914861385678
rf_NGG6_60_1h.pkl,quad_ensemble_NGG6_15_15min.pkl,NGG6,37,19,18,51.35135135135135,2366.521817576706,23.66521817576706,228.7077908909717,-109.94034496398629,2.1958615770478485,4.689440074134151,5.31253572167879
rf_NGG6_60_1h.pkl,quad_ensemble_NGG6_15_15min.pkl,NGG6,37,19,18,51.35135135135135,2366.521817532701,23.665218175327006,228.70779088627182,-109.94034496147053,2.195861577052972,4.68944007415491,5.312535721655703
rf_NGG6_60_mtf_1h.pkl,ensemble_NGG6_15_mtf_15min.pkl,NGG6,38,20,18,52.63157894736842,2332.7137274030174,23.327137274030175,215.64527159872114,-110.01065025396696,2.178024189283185,3.516384364159015,5.411836812981864
rf_NGG6_60_mtf_1h.pkl,ensemble_NGG6_15_mtf_15min.pkl,NGG6,38,20,18,52.63157894736842,2332.7137274030174,23.327137274030175,215.64527159872114,-110.01065025396696,2.178024189283185,3.516384364159015,5.411836812981864
quad_ensemble_NGG6_60_mtf_1h.pkl,rf_NGG6_15_mtf_15min.pkl,NGG6,41,21,20,51.21951219512195,2326.6910246534244,23.266910246534245,217.87978811677417,-112.43922628994123,2.0346438255692516,4.970428670048188,4.834795463968309
quad_ensemble_NGG6_60_mtf_1h.pkl,rf_NGG6_15_mtf_15min.pkl,NGG6,41,21,20,51.21951219512195,2326.6910246534244,23.266910246534245,217.87978811677417,-112.43922628994123,2.0346438255692516,4.970428670048188,4.834795463968309
triple_ensemble_NGG6_60_1h.pkl,ensemble_NGG6_15_mtf_15min.pkl,NGG6,33,18,15,54.54545454545454,2325.976039141986,23.25976039141986,218.92619453190267,-107.6463641621508,2.440504474842768,2.7382015759230156,6.225308294296611
triple_ensemble_NGG6_60_1h.pkl,ensemble_NGG6_15_mtf_15min.pkl,NGG6,33,18,15,54.54545454545454,2325.976039141986,23.25976039141986,218.92619453190267,-107.6463641621508,2.440504474842768,2.7382015759230156,6.225308294296611
ensemble_NGG6_60_mtf_1h.pkl,rf_NGG6_15_mtf_15min.pkl,NGG6,42,21,21,50.0,2289.2938608039367,22.89293860803937,218.1759239024884,-109.16193053087197,1.9986447916545989,4.970428670048188,4.688753982601591
ensemble_NGG6_60_mtf_1h.pkl,rf_NGG6_15_mtf_15min.pkl,NGG6,42,21,21,50.0,2289.2938608039367,22.89293860803937,218.1759239024884,-109.16193053087197,1.9986447916545989,4.970428670048188,4.688753982601591
ensemble_NGG6_60_mtf_1h.pkl,rf_NGG6_15_mtf_15min.pkl,NGG6,42,21,21,50.0,2289.2938608039367,22.89293860803937,218.1759239024884,-109.16193053087197,1.9986447916545989,4.970428670048188,4.688753982601591
ensemble_NGG6_60_mtf_1h.pkl,rf_NGG6_15_mtf_15min.pkl,NGG6,42,21,21,50.0,2289.2938608039367,22.89293860803937,218.1759239024884,-109.16193053087197,1.9986447916545989,4.970428670048188,4.688753982601591
rf_NGG6_60_1h.pkl,quad_ensemble_NGG6_15_15min.pkl,NGG6,35,18,17,51.42857142857142,2239.2769839449047,22.39276983944905,229.62543650894588,-111.41063960094858,2.1823123536313402,4.744568274355769,5.255012409245655
rf_NGG6_60_1h.pkl,quad_ensemble_NGG6_15_15min.pkl,NGG6,35,18,17,51.42857142857142,2239.276983881804,22.39276983881804,229.62543650183437,-111.4106395971302,2.182312353638549,4.744568274386245,5.255012409208572
rf_NGG6_60_1h.pkl,triple_ensemble_NGG6_15_15min.pkl,NGG6,35,18,17,51.42857142857142,2239.276983755861,22.392769837558607,229.62543648763827,-111.41063958950748,2.1823123536529465,4.744568274447005,5.255012409134567
rf_NGG6_60_1h.pkl,triple_ensemble_NGG6_15_15min.pkl,NGG6,35,18,17,51.42857142857142,2239.276983755861,22.392769837558607,229.62543648763827,-111.41063958950748,2.1823123536529465,4.744568274447005,5.255012409134567
rf_NGG6_60_1h.pkl,triple_ensemble_NGG6_15_15min.pkl,NGG6,35,18,17,51.42857142857142,2239.27698309492,22.3927698309492,229.62543641313792,-111.41063954950381,2.1823123537285025,4.74456827476587,5.255012408746184
rf_NGG6_60_1h.pkl,triple_ensemble_NGG6_15_15min.pkl,NGG6,35,18,17,51.42857142857142,2239.27698309492,22.3927698309492,229.62543641313792,-111.41063954950381,2.1823123537285025,4.74456827476587,5.255012408746184
ensemble_NGG6_60_mtf_1h.pkl,rf_NGG6_15_15min.pkl,NGG6,41,20,21,48.78048780487805,2206.9822026453585,22.069822026453583,225.22198079860306,-109.40273396793819,1.9606194177282552,4.970428670048188,4.561321214644943
ensemble_NGG6_60_mtf_1h.pkl,rf_NGG6_15_15min.pkl,NGG6,41,20,21,48.78048780487805,2206.9822026453585,22.069822026453583,225.22198079860306,-109.40273396793819,1.9606194177282552,4.970428670048188,4.561321214644943
ensemble_NGG6_60_mtf_1h.pkl,rf_NGG6_15_15min.pkl,NGG6,41,20,21,48.78048780487805,2206.9822026453585,22.069822026453583,225.22198079860306,-109.40273396793819,1.9606194177282552,4.970428670048188,4.561321214644943
ensemble_NGG6_60_mtf_1h.pkl,rf_NGG6_15_15min.pkl,NGG6,41,20,21,48.78048780487805,2206.9822026453585,22.069822026453583,225.22198079860306,-109.40273396793819,1.9606194177282552,4.970428670048188,4.561321214644943
rf_NGG6_60_mtf_1h.pkl,quad_ensemble_NGG6_15_mtf_15min.pkl,NGG6,35,18,17,51.42857142857142,2182.0639095454353,21.820639095454354,226.51722502706335,-111.48506711421773,2.1513353661077628,3.5047001378153078,5.175068824953767
quad_ensemble_NGG6_60_1h.pkl,rf_NGG6_15_mtf_15min.pkl,NGG6,45,21,24,46.666666666666664,2170.8864804843106,21.708864804843106,222.0082158064224,-103.80358547710631,1.8713918978594692,4.946235030097737,4.208984169047153
quad_ensemble_NGG6_60_1h.pkl,rf_NGG6_15_mtf_15min.pkl,NGG6,45,21,24,46.666666666666664,2170.8864804843106,21.708864804843106,222.0082158064224,-103.80358547710631,1.8713918978594692,4.946235030097737,4.208984169047153
quad_ensemble_NGG6_60_1h.pkl,rf_NGG6_15_mtf_15min.pkl,NGG6,45,21,24,46.666666666666664,2170.8864804843106,21.708864804843106,222.0082158064224,-103.80358547710631,1.8713918978594692,4.946235030097737,4.208984169047153
quad_ensemble_NGG6_60_1h.pkl,rf_NGG6_15_mtf_15min.pkl,NGG6,45,21,24,46.666666666666664,2170.8864804843106,21.708864804843106,222.0082158064224,-103.80358547710631,1.8713918978594692,4.946235030097737,4.208984169047153
quad_ensemble_NGG6_60_mtf_1h.pkl,ensemble_NGG6_15_mtf_15min.pkl,NGG6,43,21,22,48.837209302325576,2169.935365740035,21.69935365740035,214.24362960164993,-105.87185708611874,1.9316302597320585,4.9337498794665855,4.54606978694884
quad_ensemble_NGG6_60_mtf_1h.pkl,ensemble_NGG6_15_mtf_15min.pkl,NGG6,43,21,22,48.837209302325576,2169.9353642290007,21.699353642290006,214.24362942947252,-105.87185699045094,1.9316302599251574,4.933749880113122,4.546069786377417
quad_ensemble_NGG6_60_mtf_1h.pkl,rf_NGG6_15_mtf_15min.pkl,NGG6,40,20,20,50.0,2133.1912701590045,21.331912701590046,219.09878918089098,-112.4392256729404,1.9485974567114008,5.061992943723339,4.518287610836084
quad_ensemble_NGG6_60_mtf_1h.pkl,rf_NGG6_15_mtf_15min.pkl,NGG6,40,20,20,50.0,2133.1912701590045,21.331912701590046,219.09878918089098,-112.4392256729404,1.9485974567114008,5.061992943723339,4.518287610836084
ensemble_NGG6_60_1h.pkl,rf_NGG6_15_15min.pkl,NGG6,41,19,22,46.34146341463415,2115.828172058631,21.15828172058631,234.04646270905587,-105.95702815515592,1.9076699252079483,4.970428670048188,4.350419776671544
ensemble_NGG6_60_1h.pkl,rf_NGG6_15_15min.pkl,NGG6,41,19,22,46.34146341463415,2115.828172058631,21.15828172058631,234.04646270905587,-105.95702815515592,1.9076699252079483,4.970428670048188,4.350419776671544
ensemble_NGG6_60_1h.pkl,rf_NGG6_15_15min.pkl,NGG6,41,19,22,46.34146341463415,2115.828172058631,21.15828172058631,234.04646270905587,-105.95702815515592,1.9076699252079483,4.970428670048188,4.350419776671544
ensemble_NGG6_60_1h.pkl,rf_NGG6_15_15min.pkl,NGG6,41,19,22,46.34146341463415,2115.828172058631,21.15828172058631,234.04646270905587,-105.95702815515592,1.9076699252079483,4.970428670048188,4.350419776671544
quad_ensemble_NGG6_60_mtf_1h.pkl,rf_NGG6_15_15min.pkl,NGG6,43,20,23,46.51162790697674,2068.329460255498,20.68329460255498,226.33124577360303,-106.88241109637222,1.841367320541742,4.970428670048188,4.118463603604481
quad_ensemble_NGG6_60_mtf_1h.pkl,rf_NGG6_15_15min.pkl,NGG6,43,20,23,46.51162790697674,2068.329460255498,20.68329460255498,226.33124577360303,-106.88241109637222,1.841367320541742,4.970428670048188,4.118463603604481
rf_NGG6_60_1h.pkl,rf_NGG6_15_mtf_15min.pkl,NGG6,40,19,21,47.5,2048.163404787403,20.48163404787403,226.76065847967863,-107.63281458697544,1.9061510755658022,5.062718715788837,4.332282719036393
rf_NGG6_60_mtf_1h.pkl,quad_ensemble_NGG6_15_15min.pkl,NGG6,35,18,17,51.42857142857142,2027.4222925883441,20.274222925883443,218.34517481601182,-111.92887377058048,2.065499283970142,4.864261880598356,4.859733995277948
rf_NGG6_60_mtf_1h.pkl,quad_ensemble_NGG6_15_15min.pkl,NGG6,35,18,17,51.42857142857142,2027.4222925883441,20.274222925883443,218.34517481601182,-111.92887377058048,2.065499283970142,4.864261880598356,4.859733995277948
quad_ensemble_NGG6_60_1h.pkl,rf_NGG6_15_15min.pkl,NGG6,42,19,23,45.23809523809524,2011.7359505219538,20.117359505219536,232.7091194987796,-104.77118782412415,1.834836201382997,4.986662597028375,4.073317478348043
quad_ensemble_NGG6_60_1h.pkl,rf_NGG6_15_15min.pkl,NGG6,42,19,23,45.23809523809524,2011.7359505219538,20.117359505219536,232.7091194987796,-104.77118782412415,1.834836201382997,4.986662597028375,4.073317478348043
quad_ensemble_NGG6_60_1h.pkl,rf_NGG6_15_15min.pkl,NGG6,42,19,23,45.23809523809524,2011.7359505219538,20.117359505219536,232.7091194987796,-104.77118782412415,1.834836201382997,4.986662597028375,4.073317478348043
quad_ensemble_NGG6_60_1h.pkl,rf_NGG6_15_15min.pkl,NGG6,42,19,23,45.23809523809524,2011.7359505219538,20.117359505219536,232.7091194987796,-104.77118782412415,1.834836201382997,4.986662597028375,4.073317478348043
rf_NGG6_60_mtf_1h.pkl,quad_ensemble_NGG6_15_mtf_15min.pkl,NGG6,33,17,16,51.515151515151516,2005.9393652990912,20.059393652990913,221.55683699230124,-110.03292897312697,2.1393971922878845,3.559477674704856,5.1104947945970345
rf_NGG6_60_mtf_1h.pkl,quad_ensemble_NGG6_15_mtf_15min.pkl,NGG6,33,17,16,51.515151515151516,2005.9393652990912,20.059393652990913,221.55683699230124,-110.03292897312697,2.1393971922878845,3.559477674704856,5.1104947945970345
quad_ensemble_NGG6_60_1h.pkl,quad_ensemble_NGG6_15_mtf_15min.pkl,NGG6,41,19,22,46.34146341463415,1978.4527819280393,19.78452781928039,227.17298494595937,-106.26517872932672,1.8462760142236647,4.862147868583908,4.138098791680129
quad_ensemble_NGG6_60_1h.pkl,quad_ensemble_NGG6_15_mtf_15min.pkl,NGG6,41,19,22,46.34146341463415,1978.4527819280393,19.78452781928039,227.17298494595937,-106.26517872932672,1.8462760142236647,4.862147868583908,4.138098791680129
quad_ensemble_NGG6_60_1h.pkl,quad_ensemble_NGG6_15_mtf_15min.pkl,NGG6,41,19,22,46.34146341463415,1978.4527819280393,19.78452781928039,227.17298494595937,-106.26517872932672,1.8462760142236647,4.862147868583908,4.138098791680129
quad_ensemble_NGG6_60_1h.pkl,quad_ensemble_NGG6_15_mtf_15min.pkl,NGG6,41,19,22,46.34146341463415,1978.4527819280393,19.78452781928039,227.17298494595937,-106.26517872932672,1.8462760142236647,4.862147868583908,4.138098791680129
quad_ensemble_NGG6_60_mtf_1h.pkl,ensemble_NGG6_15_15min.pkl,NGG6,38,19,19,50.0,1959.4841676056967,19.59484167605697,217.51381666051662,-114.3830709970589,1.9016259553488426,6.391668438676596,4.315441848940656
quad_ensemble_NGG6_60_mtf_1h.pkl,ensemble_NGG6_15_15min.pkl,NGG6,38,19,19,50.0,1959.4841676056967,19.59484167605697,217.51381666051662,-114.3830709970589,1.9016259553488426,6.391668438676596,4.315441848940656
quad_ensemble_NGG6_60_mtf_1h.pkl,ensemble_NGG6_15_15min.pkl,NGG6,38,19,19,50.0,1938.8279660826738,19.388279660826736,216.9475926851183,-114.90401552287229,1.8880766846823875,6.403550597565813,4.270402373181338
quad_ensemble_NGG6_60_mtf_1h.pkl,ensemble_NGG6_15_15min.pkl,NGG6,38,19,19,50.0,1938.8279660826738,19.388279660826736,216.9475926851183,-114.90401552287229,1.8880766846823875,6.403550597565813,4.270402373181338
ensemble_NGG6_60_mtf_1h.pkl,ensemble_NGG6_15_15min.pkl,NGG6,39,19,20,48.717948717948715,1928.0377198982205,19.280377198982205,218.10065989539459,-110.79374090571378,1.87010227479321,6.383543596767109,4.182670532100438
ensemble_NGG6_60_mtf_1h.pkl,ensemble_NGG6_15_15min.pkl,NGG6,39,19,20,48.717948717948715,1928.0377198982205,19.280377198982205,218.10065989539459,-110.79374090571378,1.87010227479321,6.383543596767109,4.182670532100438
ensemble_NGG6_60_mtf_1h.pkl,ensemble_NGG6_15_15min.pkl,NGG6,39,19,20,48.717948717948715,1928.0377198982205,19.280377198982205,218.10065989539459,-110.79374090571378,1.87010227479321,6.383543596767109,4.182670532100438
ensemble_NGG6_60_mtf_1h.pkl,ensemble_NGG6_15_15min.pkl,NGG6,39,19,20,48.717948717948715,1928.0377198982205,19.280377198982205,218.10065989539459,-110.79374090571378,1.87010227479321,6.383543596767109,4.182670532100438
rf_NGG6_60_1h.pkl,rf_NGG6_15_mtf_15min.pkl,NGG6,38,18,20,47.368421052631575,1920.9185721311696,19.209185721311698,227.5701300892482,-108.76718847376466,1.8830413836588749,5.124810193276454,4.236073588207079
rf_NGG6_60_1h.pkl,rf_NGG6_15_mtf_15min.pkl,NGG6,38,18,20,47.368421052631575,1920.9185721311696,19.209185721311698,227.5701300892482,-108.76718847376466,1.8830413836588749,5.124810193276454,4.236073588207079
rf_NGG6_60_1h.pkl,rf_NGG6_15_mtf_15min.pkl,NGG6,38,18,20,47.368421052631575,1920.9185713558145,19.209185713558146,227.57013008962727,-108.76718851287364,1.8830413829849337,5.124810193662814,4.236073586145605
rf_NGG6_60_1h.pkl,ensemble_NGG6_15_mtf_15min.pkl,NGG6,41,19,22,46.34146341463415,1915.5752092753628,19.155752092753627,223.5128654827364,-105.96223794984681,1.821722927962501,5.012358526185642,4.136372073835307
rf_NGG6_60_1h.pkl,ensemble_NGG6_15_mtf_15min.pkl,NGG6,41,19,22,46.34146341463415,1915.5752092753628,19.155752092753627,223.5128654827364,-105.96223794984681,1.821722927962501,5.012358526185642,4.136372073835307
quad_ensemble_NGG6_60_mtf_1h.pkl,quad_ensemble_NGG6_15_mtf_15min.pkl,NGG6,41,19,22,46.34146341463415,1886.077970904389,18.86077970904389,221.975336498341,-105.97515557109482,1.8089708988610724,4.931777943037691,3.968232107702179
quad_ensemble_NGG6_60_mtf_1h.pkl,quad_ensemble_NGG6_15_mtf_15min.pkl,NGG6,41,19,22,46.34146341463415,1886.077970904389,18.86077970904389,221.975336498341,-105.97515557109482,1.8089708988610724,4.931777943037691,3.968232107702179
ensemble_NGG6_60_1h.pkl,rf_NGG6_15_mtf_15min.pkl,NGG6,46,20,26,43.47826086956522,1883.6106609150702,18.8361066091507,225.09761389761283,-100.70544680912222,1.7193907199345921,5.066862462255344,3.601835823207494
ensemble_NGG6_60_1h.pkl,rf_NGG6_15_mtf_15min.pkl,NGG6,46,20,26,43.47826086956522,1883.6106609150702,18.8361066091507,225.09761389761283,-100.70544680912222,1.7193907199345921,5.066862462255344,3.601835823207494
ensemble_NGG6_60_1h.pkl,rf_NGG6_15_mtf_15min.pkl,NGG6,46,20,26,43.47826086956522,1883.6106609150702,18.8361066091507,225.09761389761283,-100.70544680912222,1.7193907199345921,5.066862462255344,3.601835823207494
ensemble_NGG6_60_1h.pkl,rf_NGG6_15_mtf_15min.pkl,NGG6,46,20,26,43.47826086956522,1883.6106609150702,18.8361066091507,225.09761389761283,-100.70544680912222,1.7193907199345921,5.066862462255344,3.601835823207494
rf_NGG6_60_1h.pkl,rf_NGG6_15_15min.pkl,NGG6,41,18,23,43.90243902439025,1878.331011645976,18.783310116459763,236.4755753963171,-103.401275890771,1.7898023019561904,5.062718715788837,3.879544749323858
rf_NGG6_60_1h.pkl,rf_NGG6_15_15min.pkl,NGG6,41,18,23,43.90243902439025,1878.331011645976,18.783310116459763,236.4755753963171,-103.401275890771,1.7898023019561904,5.062718715788837,3.879544749323858
quad_ensemble_NGG6_60_1h.pkl,ensemble_NGG6_15_15min.pkl,NGG6,37,18,19,48.64864864864865,1877.7698975826734,18.777698975826734,225.60812180651376,-114.90401552287229,1.8601091455323575,6.403550597565813,4.191611664168044
quad_ensemble_NGG6_60_1h.pkl,ensemble_NGG6_15_15min.pkl,NGG6,37,18,19,48.64864864864865,1877.7698975826734,18.777698975826734,225.60812180651376,-114.90401552287229,1.8601091455323575,6.403550597565813,4.191611664168044
quad_ensemble_NGG6_60_1h.pkl,ensemble_NGG6_15_15min.pkl,NGG6,37,18,19,48.64864864864865,1877.7698975826734,18.777698975826734,225.60812180651376,-114.90401552287229,1.8601091455323575,6.403550597565813,4.191611664168044
quad_ensemble_NGG6_60_1h.pkl,ensemble_NGG6_15_15min.pkl,NGG6,37,18,19,48.64864864864865,1877.7698975826734,18.777698975826734,225.60812180651376,-114.90401552287229,1.8601091455323575,6.403550597565813,4.191611664168044
quad_ensemble_NGG6_60_mtf_1h.pkl,rf_NGG6_15_15min.pkl,NGG6,42,19,23,45.23809523809524,1874.8297054323866,18.748297054323867,228.0592183494325,-106.88241057420996,1.7626543467805023,5.061992943882513,3.805307603861471
quad_ensemble_NGG6_60_mtf_1h.pkl,rf_NGG6_15_15min.pkl,NGG6,42,19,23,45.23809523809524,1874.8297054323866,18.748297054323867,228.0592183494325,-106.88241057420996,1.7626543467805023,5.061992943882513,3.805307603861471
quad_ensemble_NGG6_60_mtf_1h.pkl,quad_ensemble_NGG6_15_mtf_15min.pkl,NGG6,41,19,22,46.34146341463415,1871.909307083126,18.719093070831256,221.20421716680505,-105.95321904937146,1.803059948994549,4.937817307533422,3.944482116031281
quad_ensemble_NGG6_60_mtf_1h.pkl,quad_ensemble_NGG6_15_mtf_15min.pkl,NGG6,41,19,22,46.34146341463415,1871.909307083126,18.719093070831256,221.20421716680505,-105.95321904937146,1.803059948994549,4.937817307533422,3.944482116031281
rf_NGG6_60_mtf_1h.pkl,rf_NGG6_15_mtf_15min.pkl,NGG6,36,18,18,50.0,1870.9558841940998,18.709558841941,214.73114689745657,-110.78915333111733,1.9381964789972366,3.711053707583123,4.433977597990303
rf_NGG6_60_mtf_1h.pkl,rf_NGG6_15_mtf_15min.pkl,NGG6,36,18,18,50.0,1870.9558841940998,18.709558841941,214.73114689745657,-110.78915333111733,1.9381964789972366,3.711053707583123,4.433977597990303
ensemble_NGG6_60_1h.pkl,ensemble_NGG6_15_15min.pkl,NGG6,38,18,20,47.368421052631575,1870.4808953982229,18.70480895398223,227.01976186180545,-110.79374090571378,1.8441275112237678,6.383543596767109,4.10548649592309
ensemble_NGG6_60_1h.pkl,ensemble_NGG6_15_15min.pkl,NGG6,38,18,20,47.368421052631575,1870.4808953982229,18.70480895398223,227.01976186180545,-110.79374090571378,1.8441275112237678,6.383543596767109,4.10548649592309
ensemble_NGG6_60_1h.pkl,ensemble_NGG6_15_15min.pkl,NGG6,38,18,20,47.368421052631575,1870.4808953982229,18.70480895398223,227.01976186180545,-110.79374090571378,1.8441275112237678,6.383543596767109,4.10548649592309
ensemble_NGG6_60_1h.pkl,ensemble_NGG6_15_15min.pkl,NGG6,38,18,20,47.368421052631575,1870.4808953982229,18.70480895398223,227.01976186180545,-110.79374090571378,1.8441275112237678,6.383543596767109,4.10548649592309
triple_ensemble_NGG6_60_mtf_1h.pkl,triple_ensemble_NGG6_15_15min.pkl,NGG6,33,17,16,51.515151515151516,1865.635917940057,18.65635917940057,215.9361525418236,-112.82991720443411,2.0334337537444465,4.93104833395934,4.686313474177606
triple_ensemble_NGG6_60_mtf_1h.pkl,triple_ensemble_NGG6_15_15min.pkl,NGG6,33,17,16,51.515151515151516,1865.635917940057,18.65635917940057,215.9361525418236,-112.82991720443411,2.0334337537444465,4.93104833395934,4.686313474177606
triple_ensemble_NGG6_60_mtf_1h.pkl,quad_ensemble_NGG6_15_15min.pkl,NGG6,33,17,16,51.515151515151516,1865.635917940057,18.65635917940057,215.9361525418236,-112.82991720443411,2.0334337537444465,4.93104833395934,4.686313474177606
triple_ensemble_NGG6_60_mtf_1h.pkl,quad_ensemble_NGG6_15_15min.pkl,NGG6,33,17,16,51.515151515151516,1865.635917940057,18.65635917940057,215.9361525418236,-112.82991720443411,2.0334337537444465,4.93104833395934,4.686313474177606
triple_ensemble_NGG6_60_mtf_1h.pkl,quad_ensemble_NGG6_15_15min.pkl,NGG6,33,17,16,51.515151515151516,1865.635917940057,18.65635917940057,215.9361525418236,-112.82991720443411,2.0334337537444465,4.93104833395934,4.686313474177606
triple_ensemble_NGG6_60_mtf_1h.pkl,quad_ensemble_NGG6_15_15min.pkl,NGG6,33,17,16,51.515151515151516,1865.635917940057,18.65635917940057,215.9361525418236,-112.82991720443411,2.0334337537444465,4.93104833395934,4.686313474177606
triple_ensemble_NGG6_60_mtf_1h.pkl,triple_ensemble_NGG6_15_15min.pkl,NGG6,33,17,16,51.515151515151516,1865.635917940057,18.65635917940057,215.9361525418236,-112.82991720443411,2.0334337537444465,4.93104833395934,4.686313474177606
triple_ensemble_NGG6_60_mtf_1h.pkl,triple_ensemble_NGG6_15_15min.pkl,NGG6,33,17,16,51.515151515151516,1865.635917940057,18.65635917940057,215.9361525418236,-112.82991720443411,2.0334337537444465,4.93104833395934,4.686313474177606
rf_NGG6_60_mtf_1h.pkl,quad_ensemble_NGG6_15_15min.pkl,NGG6,33,17,16,51.515151515151516,1851.2977531108227,18.512977531108227,212.90407794027058,-110.504473242111,2.0470717263718265,3.551327956635585,4.772552790648579
rf_NGG6_60_mtf_1h.pkl,quad_ensemble_NGG6_15_15min.pkl,NGG6,33,17,16,51.515151515151516,1851.2977531108227,18.512977531108227,212.90407794027058,-110.504473242111,2.0470717263718265,3.551327956635585,4.772552790648579
rf_NGG6_60_mtf_1h.pkl,triple_ensemble_NGG6_15_15min.pkl,NGG6,33,17,16,51.515151515151516,1851.2977482660608,18.51297748266061,212.90407795680048,-110.50447356247156,2.0470717205961506,3.551327958163132,4.772552773803978
rf_NGG6_60_mtf_1h.pkl,triple_ensemble_NGG6_15_15min.pkl,NGG6,33,17,16,51.515151515151516,1851.2977482660608,18.51297748266061,212.90407795680048,-110.50447356247156,2.0470717205961506,3.551327958163132,4.772552773803978
ensemble_NGG6_60_mtf_1h.pkl,quad_ensemble_NGG6_15_mtf_15min.pkl,NGG6,42,19,23,45.23809523809524,1850.182950316641,18.50182950316641,222.30264447202515,-103.1985780283406,1.7794946258677855,5.05581797087566,3.839602888171621
ensemble_NGG6_60_mtf_1h.pkl,quad_ensemble_NGG6_15_mtf_15min.pkl,NGG6,42,19,23,45.23809523809524,1850.182950316641,18.50182950316641,222.30264447202515,-103.1985780283406,1.7794946258677855,5.05581797087566,3.839602888171621
ensemble_NGG6_60_mtf_1h.pkl,quad_ensemble_NGG6_15_mtf_15min.pkl,NGG6,42,19,23,45.23809523809524,1850.182950316641,18.50182950316641,222.30264447202515,-103.1985780283406,1.7794946258677855,5.05581797087566,3.839602888171621
ensemble_NGG6_60_mtf_1h.pkl,quad_ensemble_NGG6_15_mtf_15min.pkl,NGG6,42,19,23,45.23809523809524,1850.182950316641,18.50182950316641,222.30264447202515,-103.1985780283406,1.7794946258677855,5.05581797087566,3.839602888171621
rf_NGG6_60_mtf_1h.pkl,triple_ensemble_NGG6_15_mtf_15min.pkl,NGG6,32,16,16,50.0,1838.0582471328926,18.38058247132893,227.4076615424352,-112.52902109662932,2.020880118979787,3.5955753681194538,4.675047847155933
triple_ensemble_NGG6_60_1h.pkl,quad_ensemble_NGG6_15_15min.pkl,NGG6,32,16,16,50.0,1826.7631491461816,18.267631491461817,227.00261406798944,-112.82991724635346,2.0119009178421243,4.931048331981754,4.651841071152186
triple_ensemble_NGG6_60_1h.pkl,quad_ensemble_NGG6_15_15min.pkl,NGG6,32,16,16,50.0,1826.7631489400574,18.267631489400575,227.00261401318755,-112.82991720443411,2.011900918103896,4.93104833395934,4.651841071411055
triple_ensemble_NGG6_60_1h.pkl,quad_ensemble_NGG6_15_15min.pkl,NGG6,32,16,16,50.0,1826.7631489400574,18.267631489400575,227.00261401318755,-112.82991720443411,2.011900918103896,4.93104833395934,4.651841071411055
triple_ensemble_NGG6_60_1h.pkl,triple_ensemble_NGG6_15_15min.pkl,NGG6,32,16,16,50.0,1826.7631489400574,18.267631489400575,227.00261401318755,-112.82991720443411,2.011900918103896,4.93104833395934,4.651841071411055
triple_ensemble_NGG6_60_1h.pkl,triple_ensemble_NGG6_15_15min.pkl,NGG6,32,16,16,50.0,1826.7631489400574,18.267631489400575,227.00261401318755,-112.82991720443411,2.011900918103896,4.93104833395934,4.651841071411055
triple_ensemble_NGG6_60_1h.pkl,quad_ensemble_NGG6_15_15min.pkl,NGG6,32,16,16,50.0,1826.7631489400574,18.267631489400575,227.00261401318755,-112.82991720443411,2.011900918103896,4.93104833395934,4.651841071411055
triple_ensemble_NGG6_60_1h.pkl,triple_ensemble_NGG6_15_15min.pkl,NGG6,32,16,16,50.0,1826.7631489400574,18.267631489400575,227.00261401318755,-112.82991720443411,2.011900918103896,4.93104833395934,4.651841071411055
triple_ensemble_NGG6_60_1h.pkl,triple_ensemble_NGG6_15_15min.pkl,NGG6,32,16,16,50.0,1826.7631489400574,18.267631489400575,227.00261401318755,-112.82991720443411,2.011900918103896,4.93104833395934,4.651841071411055
rf_NGG6_60_mtf_1h.pkl,rf_NGG6_15_15min.pkl,NGG6,35,17,18,48.57142857142857,1820.3695052756302,18.203695052756302,222.81799165105068,-109.30757515512386,1.9252024760265571,3.892212915387393,4.378767702905109
rf_NGG6_60_mtf_1h.pkl,rf_NGG6_15_15min.pkl,NGG6,35,17,18,48.57142857142857,1820.3695036573736,18.203695036573738,222.817991657291,-109.30757525092046,1.9252024743932372,3.8922129159558767,4.378767697776456
rf_NGG6_60_mtf_1h.pkl,triple_ensemble_NGG6_15_mtf_15min.pkl,NGG6,32,16,16,50.0,1804.9271747881612,18.049271747881612,223.01832878528316,-110.21038036102331,2.023569177918881,3.6062103579836164,4.71162158887743
rf_NGG6_60_1h.pkl,ensemble_NGG6_15_mtf_15min.pkl,NGG6,39,18,21,46.15384615384615,1788.330376022268,17.88330376022268,224.1419041483399,-106.96304279275498,1.7961496523560159,5.069189468459517,4.028310675230564
rf_NGG6_60_1h.pkl,ensemble_NGG6_15_mtf_15min.pkl,NGG6,39,18,21,46.15384615384615,1788.330376022268,17.88330376022268,224.1419041483399,-106.96304279275498,1.7961496523560159,5.069189468459517,4.028310675230564
rf_NGG6_60_mtf_1h.pkl,ensemble_NGG6_15_15min.pkl,NGG6,34,17,17,50.0,1775.8209618096444,17.758209618096444,222.29201698454918,-117.83196040751132,1.8865171742519775,6.495909164657531,4.243240836401186
rf_NGG6_60_mtf_1h.pkl,ensemble_NGG6_15_15min.pkl,NGG6,34,17,17,50.0,1775.8209618096444,17.758209618096444,222.29201698454918,-117.83196040751132,1.8865171742519775,6.495909164657531,4.243240836401186
ensemble_NGG6_60_1h.pkl,quad_ensemble_NGG6_15_mtf_15min.pkl,NGG6,41,18,23,43.90243902439025,1770.4408263166424,17.704408263166425,230.2226733871377,-103.1985780283406,1.745898728174185,5.05581797087566,3.72036636440229
ensemble_NGG6_60_1h.pkl,quad_ensemble_NGG6_15_mtf_15min.pkl,NGG6,41,18,23,43.90243902439025,1770.4408263166424,17.704408263166425,230.2226733871377,-103.1985780283406,1.745898728174185,5.05581797087566,3.72036636440229
ensemble_NGG6_60_1h.pkl,quad_ensemble_NGG6_15_mtf_15min.pkl,NGG6,41,18,23,43.90243902439025,1770.4408263166424,17.704408263166425,230.2226733871377,-103.1985780283406,1.745898728174185,5.05581797087566,3.72036636440229
ensemble_NGG6_60_1h.pkl,quad_ensemble_NGG6_15_mtf_15min.pkl,NGG6,41,18,23,43.90243902439025,1770.4408263166424,17.704408263166425,230.2226733871377,-103.1985780283406,1.745898728174185,5.05581797087566,3.72036636440229
triple_ensemble_NGG6_60_1h.pkl,rf_NGG6_15_15min.pkl,NGG6,35,16,19,45.714285714285715,1763.870675778926,17.63870675778926,237.53614732385427,-107.19514112646017,1.8660401744859596,5.105343514884167,4.118568495914648
triple_ensemble_NGG6_60_1h.pkl,rf_NGG6_15_15min.pkl,NGG6,35,16,19,45.714285714285715,1763.870675778926,17.63870675778926,237.53614732385427,-107.19514112646017,1.8660401744859596,5.105343514884167,4.118568495914648
triple_ensemble_NGG6_60_1h.pkl,rf_NGG6_15_15min.pkl,NGG6,35,16,19,45.714285714285715,1763.870675778926,17.63870675778926,237.53614732385427,-107.19514112646017,1.8660401744859596,5.105343514884167,4.118568495914648
triple_ensemble_NGG6_60_1h.pkl,rf_NGG6_15_15min.pkl,NGG6,35,16,19,45.714285714285715,1763.870675778926,17.63870675778926,237.53614732385427,-107.19514112646017,1.8660401744859596,5.105343514884167,4.118568495914648
rf_NGG6_60_1h.pkl,rf_NGG6_15_15min.pkl,NGG6,39,17,22,43.58974358974359,1751.0861780630112,17.510861780630112,237.9041286843788,-104.24018225324681,1.763571441982127,5.124810193738245,3.7673185567558813
rf_NGG6_60_1h.pkl,rf_NGG6_15_15min.pkl,NGG6,39,17,22,43.58974358974359,1751.0861780630112,17.510861780630112,237.9041286843788,-104.24018225324681,1.763571441982127,5.124810193738245,3.7673185567558813
triple_ensemble_NGG6_60_mtf_1h.pkl,rf_NGG6_15_15min.pkl,NGG6,36,17,19,47.22222222222222,1739.855612022444,17.39855612022444,226.94912833421577,-111.48839840311702,1.8213531570350472,5.105343514884167,3.986524915665215
triple_ensemble_NGG6_60_mtf_1h.pkl,rf_NGG6_15_15min.pkl,NGG6,36,17,19,47.22222222222222,1739.855612022444,17.39855612022444,226.94912833421577,-111.48839840311702,1.8213531570350472,5.105343514884167,3.986524915665215
triple_ensemble_NGG6_60_mtf_1h.pkl,rf_NGG6_15_15min.pkl,NGG6,36,17,19,47.22222222222222,1739.855612022444,17.39855612022444,226.94912833421577,-111.48839840311702,1.8213531570350472,5.105343514884167,3.986524915665215
triple_ensemble_NGG6_60_mtf_1h.pkl,rf_NGG6_15_15min.pkl,NGG6,36,17,19,47.22222222222222,1739.855612022444,17.39855612022444,226.94912833421577,-111.48839840311702,1.8213531570350472,5.105343514884167,3.986524915665215
triple_ensemble_NGG6_60_mtf_1h.pkl,rf_NGG6_15_mtf_15min.pkl,NGG6,38,18,20,47.368421052631575,1728.7677430381882,17.28767743038188,218.2872842312145,-110.0201686561835,1.7856594677838777,5.16568374396365,3.8388712335329487
triple_ensemble_NGG6_60_mtf_1h.pkl,rf_NGG6_15_mtf_15min.pkl,NGG6,38,18,20,47.368421052631575,1728.7677430381882,17.28767743038188,218.2872842312145,-110.0201686561835,1.7856594677838777,5.16568374396365,3.8388712335329487
triple_ensemble_NGG6_60_mtf_1h.pkl,rf_NGG6_15_mtf_15min.pkl,NGG6,38,18,20,47.368421052631575,1728.7677430381882,17.28767743038188,218.2872842312145,-110.0201686561835,1.7856594677838777,5.16568374396365,3.8388712335329487
triple_ensemble_NGG6_60_mtf_1h.pkl,rf_NGG6_15_mtf_15min.pkl,NGG6,38,18,20,47.368421052631575,1728.7677430381882,17.28767743038188,218.2872842312145,-110.0201686561835,1.7856594677838777,5.16568374396365,3.8388712335329487
rf_NGG6_60_1h.pkl,ensemble_NGG6_15_15min.pkl,NGG6,36,17,19,47.22222222222222,1720.766544989112,17.207665449891117,229.1784278969781,-114.48772259260606,1.7910600212116885,6.497213572588491,3.9158692797084407
rf_NGG6_60_1h.pkl,ensemble_NGG6_15_15min.pkl,NGG6,36,17,19,47.22222222222222,1720.766544989112,17.207665449891117,229.1784278969781,-114.48772259260606,1.7910600212116885,6.497213572588491,3.9158692797084407
triple_ensemble_NGG6_60_1h.pkl,rf_NGG6_15_mtf_15min.pkl,NGG6,38,17,21,44.73684210526316,1644.5365316182288,16.445365316182286,226.8028143330506,-105.29101485922031,1.7437601728418939,5.1718285384305185,3.6487680500165958
triple_ensemble_NGG6_60_1h.pkl,rf_NGG6_15_mtf_15min.pkl,NGG6,38,17,21,44.73684210526316,1644.5365316182288,16.445365316182286,226.8028143330506,-105.29101485922031,1.7437601728418939,5.1718285384305185,3.6487680500165958
triple_ensemble_NGG6_60_1h.pkl,rf_NGG6_15_mtf_15min.pkl,NGG6,38,17,21,44.73684210526316,1644.5365316182288,16.445365316182286,226.8028143330506,-105.29101485922031,1.7437601728418939,5.1718285384305185,3.6487680500165958
triple_ensemble_NGG6_60_1h.pkl,rf_NGG6_15_mtf_15min.pkl,NGG6,38,17,21,44.73684210526316,1644.5365316182288,16.445365316182286,226.8028143330506,-105.29101485922031,1.7437601728418939,5.1718285384305185,3.6487680500165958
quad_ensemble_NGG6_60_1h.pkl,triple_ensemble_NGG6_15_mtf_15min.pkl,NGG6,42,18,24,42.857142857142854,1630.9865499115676,16.309865499115677,228.7840969707348,-103.63029981506916,1.6557712660703896,5.59671113280363,3.3680864848805094
quad_ensemble_NGG6_60_1h.pkl,triple_ensemble_NGG6_15_mtf_15min.pkl,NGG6,42,18,24,42.857142857142854,1630.9865499115676,16.309865499115677,228.7840969707348,-103.63029981506916,1.6557712660703896,5.59671113280363,3.3680864848805094
quad_ensemble_NGG6_60_1h.pkl,triple_ensemble_NGG6_15_mtf_15min.pkl,NGG6,42,18,24,42.857142857142854,1630.9865499115676,16.309865499115677,228.7840969707348,-103.63029981506916,1.6557712660703896,5.59671113280363,3.3680864848805094
quad_ensemble_NGG6_60_1h.pkl,triple_ensemble_NGG6_15_mtf_15min.pkl,NGG6,42,18,24,42.857142857142854,1630.9865499115676,16.309865499115677,228.7840969707348,-103.63029981506916,1.6557712660703896,5.59671113280363,3.3680864848805094
quad_ensemble_NGG6_60_mtf_1h.pkl,triple_ensemble_NGG6_15_mtf_15min.pkl,NGG6,41,18,23,43.90243902439025,1618.31929106182,16.1831929106182,223.29769037236753,-104.39300589742571,1.6740078772726565,4.985247826453508,3.4216845649019363
quad_ensemble_NGG6_60_mtf_1h.pkl,triple_ensemble_NGG6_15_mtf_15min.pkl,NGG6,41,18,23,43.90243902439025,1618.31929106182,16.1831929106182,223.29769037236753,-104.39300589742571,1.6740078772726565,4.985247826453508,3.4216845649019363
rf_NGG6_60_1h.pkl,quad_ensemble_NGG6_15_mtf_15min.pkl,NGG6,39,17,22,43.58974358974359,1617.549152765272,16.17549152765272,232.3828443612254,-106.04360006252536,1.6933465239390106,5.016218430085038,3.5185689244491734
rf_NGG6_60_1h.pkl,quad_ensemble_NGG6_15_mtf_15min.pkl,NGG6,39,17,22,43.58974358974359,1617.549152765272,16.17549152765272,232.3828443612254,-106.04360006252536,1.6933465239390106,5.016218430085038,3.5185689244491734
triple_ensemble_NGG6_60_mtf_1h.pkl,quad_ensemble_NGG6_15_mtf_15min.pkl,NGG6,34,16,18,47.05882352941176,1603.387826391434,16.03387826391434,223.20168494869657,-109.32439626598374,1.814796189218996,5.055136966547683,3.9179574943246194
triple_ensemble_NGG6_60_mtf_1h.pkl,quad_ensemble_NGG6_15_mtf_15min.pkl,NGG6,34,16,18,47.05882352941176,1603.387826391434,16.03387826391434,223.20168494869657,-109.32439626598374,1.814796189218996,5.055136966547683,3.9179574943246194
triple_ensemble_NGG6_60_mtf_1h.pkl,quad_ensemble_NGG6_15_mtf_15min.pkl,NGG6,34,16,18,47.05882352941176,1603.387826391434,16.03387826391434,223.20168494869657,-109.32439626598374,1.814796189218996,5.055136966547683,3.9179574943246194
triple_ensemble_NGG6_60_mtf_1h.pkl,quad_ensemble_NGG6_15_mtf_15min.pkl,NGG6,34,16,18,47.05882352941176,1603.387826391434,16.03387826391434,223.20168494869657,-109.32439626598374,1.814796189218996,5.055136966547683,3.9179574943246194
rf_NGG6_60_1h.pkl,ensemble_NGG6_15_15min.pkl,NGG6,34,16,18,47.05882352941176,1593.5217113626586,15.935217113626587,230.24019403075317,-116.12896628496648,1.76233335055573,6.57359362756796,3.7946407406504834
rf_NGG6_60_1h.pkl,ensemble_NGG6_15_15min.pkl,NGG6,34,16,18,47.05882352941176,1593.5217111593283,15.935217111593284,230.24019400497065,-116.12896627334459,1.7623333505347518,6.573593627700282,3.7946407404347258
ensemble_NGG6_60_mtf_1h.pkl,triple_ensemble_NGG6_15_mtf_15min.pkl,NGG6,42,18,24,42.857142857142854,1582.424269519921,15.824242695199208,223.6431820260265,-101.79804195618982,1.647697571547651,5.110150509350262,3.301296191188965
ensemble_NGG6_60_mtf_1h.pkl,triple_ensemble_NGG6_15_mtf_15min.pkl,NGG6,42,18,24,42.857142857142854,1582.424269519921,15.824242695199208,223.6431820260265,-101.79804195618982,1.647697571547651,5.110150509350262,3.301296191188965
ensemble_NGG6_60_mtf_1h.pkl,triple_ensemble_NGG6_15_mtf_15min.pkl,NGG6,42,18,24,42.857142857142854,1582.424269519921,15.824242695199208,223.6431820260265,-101.79804195618982,1.647697571547651,5.110150509350262,3.301296191188965
ensemble_NGG6_60_mtf_1h.pkl,triple_ensemble_NGG6_15_mtf_15min.pkl,NGG6,42,18,24,42.857142857142854,1582.424269519921,15.824242695199208,223.6431820260265,-101.79804195618982,1.647697571547651,5.110150509350262,3.301296191188965
triple_ensemble_NGG6_60_1h.pkl,quad_ensemble_NGG6_15_mtf_15min.pkl,NGG6,33,15,18,45.45454545454545,1529.8645538914334,15.298645538914336,233.1802457786097,-109.32439626598374,1.777433748725273,5.055136966547683,3.7956182403611303
triple_ensemble_NGG6_60_1h.pkl,quad_ensemble_NGG6_15_mtf_15min.pkl,NGG6,33,15,18,45.45454545454545,1529.8645538914334,15.298645538914336,233.1802457786097,-109.32439626598374,1.777433748725273,5.055136966547683,3.7956182403611303
triple_ensemble_NGG6_60_1h.pkl,quad_ensemble_NGG6_15_mtf_15min.pkl,NGG6,33,15,18,45.45454545454545,1529.8645538914334,15.298645538914336,233.1802457786097,-109.32439626598374,1.777433748725273,5.055136966547683,3.7956182403611303
triple_ensemble_NGG6_60_1h.pkl,quad_ensemble_NGG6_15_mtf_15min.pkl,NGG6,33,15,18,45.45454545454545,1529.8645538914334,15.298645538914336,233.1802457786097,-109.32439626598374,1.777433748725273,5.055136966547683,3.7956182403611303
rf_NGG6_60_1h.pkl,quad_ensemble_NGG6_15_mtf_15min.pkl,NGG6,37,16,21,43.24324324324324,1490.3043200043958,14.903043200043959,233.64488653970102,-107.04827926813417,1.662942672842076,5.072894039656283,3.3846532126584115
rf_NGG6_60_1h.pkl,quad_ensemble_NGG6_15_mtf_15min.pkl,NGG6,37,16,21,43.24324324324324,1490.30431981334,14.9030431981334,233.6448865397917,-107.04827927730118,1.662942672700316,5.072894039742342,3.384653212156248
rf_NGG6_60_1h.pkl,triple_ensemble_NGG6_15_mtf_15min.pkl,NGG6,34,15,19,44.11764705882353,1471.8458414028846,14.718458414028845,236.0096810746003,-108.85786182716436,1.7116212765885959,5.04645896322545,3.571090954736658
rf_NGG6_60_1h.pkl,triple_ensemble_NGG6_15_mtf_15min.pkl,NGG6,34,15,19,44.11764705882353,1471.8458414028846,14.718458414028845,236.0096810746003,-108.85786182716436,1.7116212765885959,5.04645896322545,3.571090954736658
quad_ensemble_NGG6_60_mtf_1h.pkl,triple_ensemble_NGG6_15_mtf_15min.pkl,NGG6,40,17,23,42.5,1424.8195357191653,14.248195357191653,225.05050930235137,-104.39300532264375,1.5934178757914685,5.07043680920111,3.07728756210649
quad_ensemble_NGG6_60_mtf_1h.pkl,triple_ensemble_NGG6_15_mtf_15min.pkl,NGG6,40,17,23,42.5,1424.8195356860524,14.248195356860524,225.0505093023597,-104.39300532408969,1.593417875769457,5.070436809215937,3.077287562025316
ensemble_NGG6_60_1h.pkl,triple_ensemble_NGG6_15_mtf_15min.pkl,NGG6,42,17,25,40.476190476190474,1422.9745943001708,14.22974594300171,232.10795014520454,-100.91442232673225,1.5640322013410466,5.803992261429274,2.9564185983006013
ensemble_NGG6_60_1h.pkl,triple_ensemble_NGG6_15_mtf_15min.pkl,NGG6,42,17,25,40.476190476190474,1422.9745943001708,14.22974594300171,232.10795014520454,-100.91442232673225,1.5640322013410466,5.803992261429274,2.9564185983006013
ensemble_NGG6_60_1h.pkl,triple_ensemble_NGG6_15_mtf_15min.pkl,NGG6,42,17,25,40.476190476190474,1422.9745943001708,14.22974594300171,232.10795014520454,-100.91442232673225,1.5640322013410466,5.803992261429274,2.9564185983006013
ensemble_NGG6_60_1h.pkl,triple_ensemble_NGG6_15_mtf_15min.pkl,NGG6,42,17,25,40.476190476190474,1422.9745943001708,14.22974594300171,232.10795014520454,-100.91442232673225,1.5640322013410466,5.803992261429274,2.9564185983006013
rf_NGG6_60_mtf_1h.pkl,ensemble_NGG6_15_15min.pkl,NGG6,34,16,18,47.05882352941176,1380.0340419815147,13.800340419815146,217.54989962340136,-116.70913066627242,1.6569199637609715,6.739428973914263,3.3659326754071133
rf_NGG6_60_mtf_1h.pkl,ensemble_NGG6_15_15min.pkl,NGG6,34,16,18,47.05882352941176,1380.034041869436,13.80034041869436,217.54989962360236,-116.7091306726777,1.6569199636715668,6.739428973979124,3.365932675089563
triple_ensemble_NGG6_60_mtf_1h.pkl,triple_ensemble_NGG6_15_mtf_15min.pkl,NGG6,34,15,19,44.11764705882353,1335.629145594714,13.356291455947138,224.87026604527628,-107.23288658339101,1.655547687472795,5.1106912658605035,3.2813229309380962
triple_ensemble_NGG6_60_mtf_1h.pkl,triple_ensemble_NGG6_15_mtf_15min.pkl,NGG6,34,15,19,44.11764705882353,1335.629145594714,13.356291455947138,224.87026604527628,-107.23288658339101,1.655547687472795,5.1106912658605035,3.2813229309380962
triple_ensemble_NGG6_60_mtf_1h.pkl,triple_ensemble_NGG6_15_mtf_15min.pkl,NGG6,34,15,19,44.11764705882353,1335.629145594714,13.356291455947138,224.87026604527628,-107.23288658339101,1.655547687472795,5.1106912658605035,3.2813229309380962
triple_ensemble_NGG6_60_mtf_1h.pkl,triple_ensemble_NGG6_15_mtf_15min.pkl,NGG6,34,15,19,44.11764705882353,1335.629145594714,13.356291455947138,224.87026604527628,-107.23288658339101,1.655547687472795,5.1106912658605035,3.2813229309380962
rf_NGG6_60_1h.pkl,triple_ensemble_NGG6_15_mtf_15min.pkl,NGG6,36,15,21,41.66666666666667,1289.292134714402,12.892921347144021,236.00968107559635,-107.18348006759722,1.572801550379862,5.128751402355291,2.999462679275072
rf_NGG6_60_1h.pkl,triple_ensemble_NGG6_15_mtf_15min.pkl,NGG6,36,15,21,41.66666666666667,1289.292134714402,12.892921347144021,236.00968107559635,-107.18348006759722,1.572801550379862,5.128751402355291,2.999462679275072
triple_ensemble_NGG6_60_mtf_1h.pkl,ensemble_NGG6_15_15min.pkl,NGG6,32,15,17,46.875,1219.8806453578109,12.198806453578108,214.7666560361351,-117.74230559907156,1.6094469159232554,6.831961525501638,3.1246012902357636
triple_ensemble_NGG6_60_mtf_1h.pkl,ensemble_NGG6_15_15min.pkl,NGG6,32,15,17,46.875,1219.8806453578109,12.198806453578108,214.7666560361351,-117.74230559907156,1.6094469159232554,6.831961525501638,3.1246012902357636
triple_ensemble_NGG6_60_mtf_1h.pkl,ensemble_NGG6_15_15min.pkl,NGG6,32,15,17,46.875,1219.8806453578109,12.198806453578108,214.7666560361351,-117.74230559907156,1.6094469159232554,6.831961525501638,3.1246012902357636
triple_ensemble_NGG6_60_mtf_1h.pkl,ensemble_NGG6_15_15min.pkl,NGG6,32,15,17,46.875,1219.8806453578109,12.198806453578108,214.7666560361351,-117.74230559907156,1.6094469159232554,6.831961525501638,3.1246012902357636
triple_ensemble_NGG6_60_1h.pkl,triple_ensemble_NGG6_15_mtf_15min.pkl,NGG6,34,14,20,41.17647058823529,1182.3983218749618,11.823983218749618,235.68076558422453,-105.85661981520896,1.5584904958891779,5.820187341716633,2.890419749098434
triple_ensemble_NGG6_60_1h.pkl,triple_ensemble_NGG6_15_mtf_15min.pkl,NGG6,34,14,20,41.17647058823529,1182.3983218749618,11.823983218749618,235.68076558422453,-105.85661981520896,1.5584904958891779,5.820187341716633,2.890419749098434
triple_ensemble_NGG6_60_1h.pkl,triple_ensemble_NGG6_15_mtf_15min.pkl,NGG6,34,14,20,41.17647058823529,1182.3983218749618,11.823983218749618,235.68076558422453,-105.85661981520896,1.5584904958891779,5.820187341716633,2.890419749098434
triple_ensemble_NGG6_60_1h.pkl,triple_ensemble_NGG6_15_mtf_15min.pkl,NGG6,34,14,20,41.17647058823529,1182.3983218749618,11.823983218749618,235.68076558422453,-105.85661981520896,1.5584904958891779,5.820187341716633,2.890419749098434
triple_ensemble_NGG6_60_1h.pkl,ensemble_NGG6_15_15min.pkl,NGG6,31,14,17,45.16129032258064,1181.0078765358103,11.810078765358103,227.33050516423071,-117.74230563314238,1.5900262542623005,6.8319615237938445,3.0677297240491606
triple_ensemble_NGG6_60_1h.pkl,ensemble_NGG6_15_15min.pkl,NGG6,31,14,17,45.16129032258064,1181.0078765358103,11.810078765358103,227.33050516423071,-117.74230563314238,1.5900262542623005,6.8319615237938445,3.0677297240491606
triple_ensemble_NGG6_60_1h.pkl,ensemble_NGG6_15_15min.pkl,NGG6,31,14,17,45.16129032258064,1181.0078763578113,11.810078763578112,227.33050511014474,-117.74230559907156,1.590026254344107,6.831961525501638,3.067729724045364
triple_ensemble_NGG6_60_1h.pkl,ensemble_NGG6_15_15min.pkl,NGG6,31,14,17,45.16129032258064,1181.0078763578113,11.810078763578112,227.33050511014474,-117.74230559907156,1.590026254344107,6.831961525501638,3.067729724045364
quad_ensemble_NGG6_60_mtf_1h.pkl,xgb_NGG6_15_mtf_15min.pkl,NGG6,2,1,1,50.0,27.092666699896654,0.27092666699896656,114.92462699999922,-87.83196030010238,1.3084602302775343,0.8683402352366523,2.120482220862148
quad_ensemble_NGG6_60_mtf_1h.pkl,xgb_NGG6_15_mtf_15min.pkl,NGG6,2,1,1,50.0,27.092666699896654,0.27092666699896656,114.92462699999922,-87.83196030010238,1.3084602302775343,0.8683402352366523,2.120482220862148
rf_NGG6_60_mtf_1h.pkl,xgb_NGG6_15_mtf_15min.pkl,NGG6,2,1,1,50.0,27.092666699896654,0.27092666699896656,114.92462699999922,-87.83196030010238,1.3084602302775343,0.8683402352366523,2.120482220862148
rf_NGG6_60_mtf_1h.pkl,xgb_NGG6_15_mtf_15min.pkl,NGG6,2,1,1,50.0,27.092666699896654,0.27092666699896656,114.92462699999922,-87.83196030010238,1.3084602302775343,0.8683402352366523,2.120482220862148
ensemble_NGG6_60_1h.pkl,xgb_NGG6_15_mtf_15min.pkl,NGG6,2,1,1,50.0,27.092666699896654,0.27092666699896656,114.92462699999922,-87.83196030010238,1.3084602302775343,0.8683402352366523,2.120482220862148
ensemble_NGG6_60_1h.pkl,xgb_NGG6_15_mtf_15min.pkl,NGG6,2,1,1,50.0,27.092666699896654,0.27092666699896656,114.92462699999922,-87.83196030010238,1.3084602302775343,0.8683402352366523,2.120482220862148
quad_ensemble_NGG6_60_1h.pkl,xgb_NGG6_15_mtf_15min.pkl,NGG6,2,1,1,50.0,27.092666699896654,0.27092666699896656,114.92462699999922,-87.83196030010238,1.3084602302775343,0.8683402352366523,2.120482220862148
quad_ensemble_NGG6_60_1h.pkl,xgb_NGG6_15_mtf_15min.pkl,NGG6,2,1,1,50.0,27.092666699896654,0.27092666699896656,114.92462699999922,-87.83196030010238,1.3084602302775343,0.8683402352366523,2.120482220862148
quad_ensemble_NGG6_60_1h.pkl,xgb_NGG6_15_mtf_15min.pkl,NGG6,2,1,1,50.0,27.092666699896654,0.27092666699896656,114.92462699999922,-87.83196030010238,1.3084602302775343,0.8683402352366523,2.120482220862148
quad_ensemble_NGG6_60_1h.pkl,xgb_NGG6_15_mtf_15min.pkl,NGG6,2,1,1,50.0,27.092666699896654,0.27092666699896656,114.92462699999922,-87.83196030010238,1.3084602302775343,0.8683402352366523,2.120482220862148
rf_NGG6_60_1h.pkl,xgb_NGG6_15_mtf_15min.pkl,NGG6,2,1,1,50.0,27.092666699896654,0.27092666699896656,114.92462699999922,-87.83196030010238,1.3084602302775343,0.8683402352366523,2.120482220862148
rf_NGG6_60_1h.pkl,xgb_NGG6_15_mtf_15min.pkl,NGG6,2,1,1,50.0,27.092666699896654,0.27092666699896656,114.92462699999922,-87.83196030010238,1.3084602302775343,0.8683402352366523,2.120482220862148
quad_ensemble_NGG6_60_mtf_1h.pkl,xgb_NGG6_15_mtf_15min.pkl,NGG6,2,1,1,50.0,27.092666699896654,0.27092666699896656,114.92462699999922,-87.83196030010238,1.3084602302775343,0.8683402352366523,2.120482220862148
ensemble_NGG6_60_1h.pkl,xgb_NGG6_15_mtf_15min.pkl,NGG6,2,1,1,50.0,27.092666699896654,0.27092666699896656,114.92462699999922,-87.83196030010238,1.3084602302775343,0.8683402352366523,2.120482220862148
rf_NGG6_60_1h.pkl,xgb_NGG6_15_mtf_15min.pkl,NGG6,2,1,1,50.0,27.092666699896654,0.27092666699896656,114.92462699999922,-87.83196030010238,1.3084602302775343,0.8683402352366523,2.120482220862148
rf_NGG6_60_1h.pkl,xgb_NGG6_15_mtf_15min.pkl,NGG6,2,1,1,50.0,27.092666699896654,0.27092666699896656,114.92462699999922,-87.83196030010238,1.3084602302775343,0.8683402352366523,2.120482220862148
triple_ensemble_NGG6_60_mtf_1h.pkl,xgb_NGG6_15_mtf_15min.pkl,NGG6,2,1,1,50.0,27.092666699896654,0.27092666699896656,114.92462699999922,-87.83196030010238,1.3084602302775343,0.8683402352366523,2.120482220862148
triple_ensemble_NGG6_60_mtf_1h.pkl,xgb_NGG6_15_mtf_15min.pkl,NGG6,2,1,1,50.0,27.092666699896654,0.27092666699896656,114.92462699999922,-87.83196030010238,1.3084602302775343,0.8683402352366523,2.120482220862148
triple_ensemble_NGG6_60_mtf_1h.pkl,xgb_NGG6_15_mtf_15min.pkl,NGG6,2,1,1,50.0,27.092666699896654,0.27092666699896656,114.92462699999922,-87.83196030010238,1.3084602302775343,0.8683402352366523,2.120482220862148
triple_ensemble_NGG6_60_mtf_1h.pkl,xgb_NGG6_15_mtf_15min.pkl,NGG6,2,1,1,50.0,27.092666699896654,0.27092666699896656,114.92462699999922,-87.83196030010238,1.3084602302775343,0.8683402352366523,2.120482220862148
ensemble_NGG6_60_mtf_1h.pkl,xgb_NGG6_15_mtf_15min.pkl,NGG6,2,1,1,50.0,27.092666699896654,0.27092666699896656,114.92462699999922,-87.83196030010238,1.3084602302775343,0.8683402352366523,2.120482220862148
ensemble_NGG6_60_mtf_1h.pkl,xgb_NGG6_15_mtf_15min.pkl,NGG6,2,1,1,50.0,27.092666699896654,0.27092666699896656,114.92462699999922,-87.83196030010238,1.3084602302775343,0.8683402352366523,2.120482220862148
rf_NGG6_60_mtf_1h.pkl,xgb_NGG6_15_mtf_15min.pkl,NGG6,2,1,1,50.0,27.092666699896654,0.27092666699896656,114.92462699999922,-87.83196030010238,1.3084602302775343,0.8683402352366523,2.120482220862148
rf_NGG6_60_mtf_1h.pkl,xgb_NGG6_15_mtf_15min.pkl,NGG6,2,1,1,50.0,27.092666699896654,0.27092666699896656,114.92462699999922,-87.83196030010238,1.3084602302775343,0.8683402352366523,2.120482220862148
triple_ensemble_NGG6_60_1h.pkl,xgb_NGG6_15_mtf_15min.pkl,NGG6,2,1,1,50.0,27.092666699896654,0.27092666699896656,114.92462699999922,-87.83196030010238,1.3084602302775343,0.8683402352366523,2.120482220862148
triple_ensemble_NGG6_60_1h.pkl,xgb_NGG6_15_mtf_15min.pkl,NGG6,2,1,1,50.0,27.092666699896654,0.27092666699896656,114.92462699999922,-87.83196030010238,1.3084602302775343,0.8683402352366523,2.120482220862148
triple_ensemble_NGG6_60_1h.pkl,xgb_NGG6_15_mtf_15min.pkl,NGG6,2,1,1,50.0,27.092666699896654,0.27092666699896656,114.92462699999922,-87.83196030010238,1.3084602302775343,0.8683402352366523,2.120482220862148
triple_ensemble_NGG6_60_1h.pkl,xgb_NGG6_15_mtf_15min.pkl,NGG6,2,1,1,50.0,27.092666699896654,0.27092666699896656,114.92462699999922,-87.83196030010238,1.3084602302775343,0.8683402352366523,2.120482220862148
quad_ensemble_NGG6_60_mtf_1h.pkl,xgb_NGG6_15_mtf_15min.pkl,NGG6,2,1,1,50.0,27.092666699896654,0.27092666699896656,114.92462699999922,-87.83196030010238,1.3084602302775343,0.8683402352366523,2.120482220862148
ensemble_NGG6_60_1h.pkl,xgb_NGG6_15_mtf_15min.pkl,NGG6,2,1,1,50.0,27.092666699896654,0.27092666699896656,114.92462699999922,-87.83196030010238,1.3084602302775343,0.8683402352366523,2.120482220862148
ensemble_NGG6_60_mtf_1h.pkl,xgb_NGG6_15_mtf_15min.pkl,NGG6,2,1,1,50.0,27.092666699896654,0.27092666699896656,114.92462699999922,-87.83196030010238,1.3084602302775343,0.8683402352366523,2.120482220862148
ensemble_NGG6_60_mtf_1h.pkl,xgb_NGG6_15_mtf_15min.pkl,NGG6,2,1,1,50.0,27.092666699896654,0.27092666699896656,114.92462699999922,-87.83196030010238,1.3084602302775343,0.8683402352366523,2.120482220862148
xgb_NGG6_60_mtf_1h.pkl,rf_NGG6_15_mtf_15min.pkl,NGG6,0,0,0,0.0,0.0,0.0,0.0,0.0,0.0,0.0,0.0
xgb_NGG6_60_mtf_1h.pkl,rf_NGG6_15_mtf_15min.pkl,NGG6,0,0,0,0.0,0.0,0.0,0.0,0.0,0.0,0.0,0.0
xgb_NGG6_60_mtf_1h.pkl,rf_NGG6_15_15min.pkl,NGG6,0,0,0,0.0,0.0,0.0,0.0,0.0,0.0,0.0,0.0
xgb_NGG6_60_mtf_1h.pkl,rf_NGG6_15_15min.pkl,NGG6,0,0,0,0.0,0.0,0.0,0.0,0.0,0.0,0.0,0.0
xgb_NGG6_60_mtf_1h.pkl,quad_ensemble_NGG6_15_mtf_15min.pkl,NGG6,0,0,0,0.0,0.0,0.0,0.0,0.0,0.0,0.0,0.0
xgb_NGG6_60_mtf_1h.pkl,quad_ensemble_NGG6_15_mtf_15min.pkl,NGG6,0,0,0,0.0,0.0,0.0,0.0,0.0,0.0,0.0,0.0
rf_NGG6_60_mtf_1h.pkl,xgb_NGG6_15_15min.pkl,NGG6,0,0,0,0.0,0.0,0.0,0.0,0.0,0.0,0.0,0.0
rf_NGG6_60_mtf_1h.pkl,xgb_NGG6_15_15min.pkl,NGG6,0,0,0,0.0,0.0,0.0,0.0,0.0,0.0,0.0,0.0
ensemble_NGG6_60_1h.pkl,xgb_NGG6_15_15min.pkl,NGG6,0,0,0,0.0,0.0,0.0,0.0,0.0,0.0,0.0,0.0
ensemble_NGG6_60_1h.pkl,xgb_NGG6_15_15min.pkl,NGG6,0,0,0,0.0,0.0,0.0,0.0,0.0,0.0,0.0,0.0
quad_ensemble_NGG6_60_1h.pkl,xgb_NGG6_15_15min.pkl,NGG6,0,0,0,0.0,0.0,0.0,0.0,0.0,0.0,0.0,0.0
quad_ensemble_NGG6_60_1h.pkl,xgb_NGG6_15_15min.pkl,NGG6,0,0,0,0.0,0.0,0.0,0.0,0.0,0.0,0.0,0.0
xgb_NGG6_60_mtf_1h.pkl,ensemble_NGG6_15_15min.pkl,NGG6,0,0,0,0.0,0.0,0.0,0.0,0.0,0.0,0.0,0.0
xgb_NGG6_60_mtf_1h.pkl,xgb_NGG6_15_15min.pkl,NGG6,0,0,0,0.0,0.0,0.0,0.0,0.0,0.0,0.0,0.0
xgb_NGG6_60_mtf_1h.pkl,xgb_NGG6_15_mtf_15min.pkl,NGG6,0,0,0,0.0,0.0,0.0,0.0,0.0,0.0,0.0,0.0
xgb_NGG6_60_mtf_1h.pkl,xgb_NGG6_15_mtf_15min.pkl,NGG6,0,0,0,0.0,0.0,0.0,0.0,0.0,0.0,0.0,0.0
xgb_NGG6_60_1h.pkl,rf_NGG6_15_15min.pkl,NGG6,0,0,0,0.0,0.0,0.0,0.0,0.0,0.0,0.0,0.0
xgb_NGG6_60_1h.pkl,rf_NGG6_15_15min.pkl,NGG6,0,0,0,0.0,0.0,0.0,0.0,0.0,0.0,0.0,0.0
xgb_NGG6_60_1h.pkl,rf_NGG6_15_mtf_15min.pkl,NGG6,0,0,0,0.0,0.0,0.0,0.0,0.0,0.0,0.0,0.0
xgb_NGG6_60_1h.pkl,rf_NGG6_15_mtf_15min.pkl,NGG6,0,0,0,0.0,0.0,0.0,0.0,0.0,0.0,0.0,0.0
xgb_NGG6_60_1h.pkl,triple_ensemble_NGG6_15_15min.pkl,NGG6,0,0,0,0.0,0.0,0.0,0.0,0.0,0.0,0.0,0.0
xgb_NGG6_60_1h.pkl,triple_ensemble_NGG6_15_15min.pkl,NGG6,0,0,0,0.0,0.0,0.0,0.0,0.0,0.0,0.0,0.0
xgb_NGG6_60_mtf_1h.pkl,ensemble_NGG6_15_mtf_15min.pkl,NGG6,0,0,0,0.0,0.0,0.0,0.0,0.0,0.0,0.0,0.0
xgb_NGG6_60_mtf_1h.pkl,quad_ensemble_NGG6_15_15min.pkl,NGG6,0,0,0,0.0,0.0,0.0,0.0,0.0,0.0,0.0,0.0
xgb_NGG6_60_mtf_1h.pkl,ensemble_NGG6_15_15min.pkl,NGG6,0,0,0,0.0,0.0,0.0,0.0,0.0,0.0,0.0,0.0
xgb_NGG6_60_mtf_1h.pkl,ensemble_NGG6_15_mtf_15min.pkl,NGG6,0,0,0,0.0,0.0,0.0,0.0,0.0,0.0,0.0,0.0
xgb_NGG6_60_mtf_1h.pkl,quad_ensemble_NGG6_15_15min.pkl,NGG6,0,0,0,0.0,0.0,0.0,0.0,0.0,0.0,0.0,0.0
xgb_NGG6_60_mtf_1h.pkl,quad_ensemble_NGG6_15_15min.pkl,NGG6,0,0,0,0.0,0.0,0.0,0.0,0.0,0.0,0.0,0.0
quad_ensemble_NGG6_60_mtf_1h.pkl,xgb_NGG6_15_15min.pkl,NGG6,0,0,0,0.0,0.0,0.0,0.0,0.0,0.0,0.0,0.0
quad_ensemble_NGG6_60_mtf_1h.pkl,xgb_NGG6_15_15min.pkl,NGG6,0,0,0,0.0,0.0,0.0,0.0,0.0,0.0,0.0,0.0
quad_ensemble_NGG6_60_mtf_1h.pkl,xgb_NGG6_15_15min.pkl,NGG6,0,0,0,0.0,0.0,0.0,0.0,0.0,0.0,0.0,0.0
quad_ensemble_NGG6_60_mtf_1h.pkl,xgb_NGG6_15_15min.pkl,NGG6,0,0,0,0.0,0.0,0.0,0.0,0.0,0.0,0.0,0.0
rf_NGG6_60_1h.pkl,xgb_NGG6_15_15min.pkl,NGG6,0,0,0,0.0,0.0,0.0,0.0,0.0,0.0,0.0,0.0
rf_NGG6_60_1h.pkl,xgb_NGG6_15_15min.pkl,NGG6,0,0,0,0.0,0.0,0.0,0.0,0.0,0.0,0.0,0.0
rf_NGG6_60_1h.pkl,xgb_NGG6_15_15min.pkl,NGG6,0,0,0,0.0,0.0,0.0,0.0,0.0,0.0,0.0,0.0
rf_NGG6_60_1h.pkl,xgb_NGG6_15_15min.pkl,NGG6,0,0,0,0.0,0.0,0.0,0.0,0.0,0.0,0.0,0.0
ensemble_NGG6_60_1h.pkl,xgb_NGG6_15_15min.pkl,NGG6,0,0,0,0.0,0.0,0.0,0.0,0.0,0.0,0.0,0.0
ensemble_NGG6_60_1h.pkl,xgb_NGG6_15_15min.pkl,NGG6,0,0,0,0.0,0.0,0.0,0.0,0.0,0.0,0.0,0.0
xgb_NGG6_60_1h.pkl,triple_ensemble_NGG6_15_mtf_15min.pkl,NGG6,0,0,0,0.0,0.0,0.0,0.0,0.0,0.0,0.0,0.0
xgb_NGG6_60_1h.pkl,triple_ensemble_NGG6_15_mtf_15min.pkl,NGG6,0,0,0,0.0,0.0,0.0,0.0,0.0,0.0,0.0,0.0
xgb_NGG6_60_1h.pkl,xgb_NGG6_15_15min.pkl,NGG6,0,0,0,0.0,0.0,0.0,0.0,0.0,0.0,0.0,0.0
xgb_NGG6_60_1h.pkl,xgb_NGG6_15_15min.pkl,NGG6,0,0,0,0.0,0.0,0.0,0.0,0.0,0.0,0.0,0.0
xgb_NGG6_60_1h.pkl,xgb_NGG6_15_mtf_15min.pkl,NGG6,0,0,0,0.0,0.0,0.0,0.0,0.0,0.0,0.0,0.0
xgb_NGG6_60_1h.pkl,xgb_NGG6_15_mtf_15min.pkl,NGG6,0,0,0,0.0,0.0,0.0,0.0,0.0,0.0,0.0,0.0
ensemble_NGG6_60_mtf_1h.pkl,xgb_NGG6_15_15min.pkl,NGG6,0,0,0,0.0,0.0,0.0,0.0,0.0,0.0,0.0,0.0
ensemble_NGG6_60_mtf_1h.pkl,xgb_NGG6_15_15min.pkl,NGG6,0,0,0,0.0,0.0,0.0,0.0,0.0,0.0,0.0,0.0
quad_ensemble_NGG6_60_1h.pkl,xgb_NGG6_15_15min.pkl,NGG6,0,0,0,0.0,0.0,0.0,0.0,0.0,0.0,0.0,0.0
quad_ensemble_NGG6_60_1h.pkl,xgb_NGG6_15_15min.pkl,NGG6,0,0,0,0.0,0.0,0.0,0.0,0.0,0.0,0.0,0.0
triple_ensemble_NGG6_60_1h.pkl,xgb_NGG6_15_15min.pkl,NGG6,0,0,0,0.0,0.0,0.0,0.0,0.0,0.0,0.0,0.0
triple_ensemble_NGG6_60_1h.pkl,xgb_NGG6_15_15min.pkl,NGG6,0,0,0,0.0,0.0,0.0,0.0,0.0,0.0,0.0,0.0
triple_ensemble_NGG6_60_1h.pkl,xgb_NGG6_15_15min.pkl,NGG6,0,0,0,0.0,0.0,0.0,0.0,0.0,0.0,0.0,0.0
triple_ensemble_NGG6_60_1h.pkl,xgb_NGG6_15_15min.pkl,NGG6,0,0,0,0.0,0.0,0.0,0.0,0.0,0.0,0.0,0.0
xgb_NGG6_60_mtf_1h.pkl,xgb_NGG6_15_15min.pkl,NGG6,0,0,0,0.0,0.0,0.0,0.0,0.0,0.0,0.0,0.0
xgb_NGG6_60_mtf_1h.pkl,xgb_NGG6_15_15min.pkl,NGG6,0,0,0,0.0,0.0,0.0,0.0,0.0,0.0,0.0,0.0
xgb_NGG6_60_mtf_1h.pkl,xgb_NGG6_15_mtf_15min.pkl,NGG6,0,0,0,0.0,0.0,0.0,0.0,0.0,0.0,0.0,0.0
xgb_NGG6_60_mtf_1h.pkl,xgb_NGG6_15_mtf_15min.pkl,NGG6,0,0,0,0.0,0.0,0.0,0.0,0.0,0.0,0.0,0.0
xgb_NGG6_60_mtf_1h.pkl,triple_ensemble_NGG6_15_mtf_15min.pkl,NGG6,0,0,0,0.0,0.0,0.0,0.0,0.0,0.0,0.0,0.0
xgb_NGG6_60_mtf_1h.pkl,triple_ensemble_NGG6_15_mtf_15min.pkl,NGG6,0,0,0,0.0,0.0,0.0,0.0,0.0,0.0,0.0,0.0
xgb_NGG6_60_mtf_1h.pkl,triple_ensemble_NGG6_15_15min.pkl,NGG6,0,0,0,0.0,0.0,0.0,0.0,0.0,0.0,0.0,0.0
xgb_NGG6_60_mtf_1h.pkl,triple_ensemble_NGG6_15_15min.pkl,NGG6,0,0,0,0.0,0.0,0.0,0.0,0.0,0.0,0.0,0.0
rf_NGG6_60_mtf_1h.pkl,xgb_NGG6_15_15min.pkl,NGG6,0,0,0,0.0,0.0,0.0,0.0,0.0,0.0,0.0,0.0
rf_NGG6_60_mtf_1h.pkl,xgb_NGG6_15_15min.pkl,NGG6,0,0,0,0.0,0.0,0.0,0.0,0.0,0.0,0.0,0.0
ensemble_NGG6_60_mtf_1h.pkl,xgb_NGG6_15_15min.pkl,NGG6,0,0,0,0.0,0.0,0.0,0.0,0.0,0.0,0.0,0.0
ensemble_NGG6_60_mtf_1h.pkl,xgb_NGG6_15_15min.pkl,NGG6,0,0,0,0.0,0.0,0.0,0.0,0.0,0.0,0.0,0.0
xgb_NGG6_60_mtf_1h.pkl,xgb_NGG6_15_15min.pkl,NGG6,0,0,0,0.0,0.0,0.0,0.0,0.0,0.0,0.0,0.0
xgb_NGG6_60_mtf_1h.pkl,triple_ensemble_NGG6_15_mtf_15min.pkl,NGG6,0,0,0,0.0,0.0,0.0,0.0,0.0,0.0,0.0,0.0
xgb_NGG6_60_mtf_1h.pkl,triple_ensemble_NGG6_15_mtf_15min.pkl,NGG6,0,0,0,0.0,0.0,0.0,0.0,0.0,0.0,0.0,0.0
xgb_NGG6_60_mtf_1h.pkl,triple_ensemble_NGG6_15_15min.pkl,NGG6,0,0,0,0.0,0.0,0.0,0.0,0.0,0.0,0.0,0.0
xgb_NGG6_60_mtf_1h.pkl,triple_ensemble_NGG6_15_15min.pkl,NGG6,0,0,0,0.0,0.0,0.0,0.0,0.0,0.0,0.0,0.0
xgb_NGG6_60_mtf_1h.pkl,rf_NGG6_15_mtf_15min.pkl,NGG6,0,0,0,0.0,0.0,0.0,0.0,0.0,0.0,0.0,0.0
xgb_NGG6_60_mtf_1h.pkl,rf_NGG6_15_mtf_15min.pkl,NGG6,0,0,0,0.0,0.0,0.0,0.0,0.0,0.0,0.0,0.0
xgb_NGG6_60_mtf_1h.pkl,rf_NGG6_15_15min.pkl,NGG6,0,0,0,0.0,0.0,0.0,0.0,0.0,0.0,0.0,0.0
xgb_NGG6_60_mtf_1h.pkl,rf_NGG6_15_15min.pkl,NGG6,0,0,0,0.0,0.0,0.0,0.0,0.0,0.0,0.0,0.0
xgb_NGG6_60_mtf_1h.pkl,quad_ensemble_NGG6_15_mtf_15min.pkl,NGG6,0,0,0,0.0,0.0,0.0,0.0,0.0,0.0,0.0,0.0
xgb_NGG6_60_mtf_1h.pkl,quad_ensemble_NGG6_15_mtf_15min.pkl,NGG6,0,0,0,0.0,0.0,0.0,0.0,0.0,0.0,0.0,0.0
xgb_NGG6_60_mtf_1h.pkl,quad_ensemble_NGG6_15_15min.pkl,NGG6,0,0,0,0.0,0.0,0.0,0.0,0.0,0.0,0.0,0.0
triple_ensemble_NGG6_60_mtf_1h.pkl,xgb_NGG6_15_15min.pkl,NGG6,0,0,0,0.0,0.0,0.0,0.0,0.0,0.0,0.0,0.0
triple_ensemble_NGG6_60_mtf_1h.pkl,xgb_NGG6_15_15min.pkl,NGG6,0,0,0,0.0,0.0,0.0,0.0,0.0,0.0,0.0,0.0
triple_ensemble_NGG6_60_mtf_1h.pkl,xgb_NGG6_15_15min.pkl,NGG6,0,0,0,0.0,0.0,0.0,0.0,0.0,0.0,0.0,0.0
triple_ensemble_NGG6_60_mtf_1h.pkl,xgb_NGG6_15_15min.pkl,NGG6,0,0,0,0.0,0.0,0.0,0.0,0.0,0.0,0.0,0.0
xgb_NGG6_60_1h.pkl,ensemble_NGG6_15_15min.pkl,NGG6,0,0,0,0.0,0.0,0.0,0.0,0.0,0.0,0.0,0.0
xgb_NGG6_60_1h.pkl,ensemble_NGG6_15_15min.pkl,NGG6,0,0,0,0.0,0.0,0.0,0.0,0.0,0.0,0.0,0.0
xgb_NGG6_60_1h.pkl,ensemble_NGG6_15_mtf_15min.pkl,NGG6,0,0,0,0.0,0.0,0.0,0.0,0.0,0.0,0.0,0.0
xgb_NGG6_60_1h.pkl,ensemble_NGG6_15_mtf_15min.pkl,NGG6,0,0,0,0.0,0.0,0.0,0.0,0.0,0.0,0.0,0.0
xgb_NGG6_60_1h.pkl,quad_ensemble_NGG6_15_15min.pkl,NGG6,0,0,0,0.0,0.0,0.0,0.0,0.0,0.0,0.0,0.0
xgb_NGG6_60_1h.pkl,quad_ensemble_NGG6_15_15min.pkl,NGG6,0,0,0,0.0,0.0,0.0,0.0,0.0,0.0,0.0,0.0
xgb_NGG6_60_1h.pkl,quad_ensemble_NGG6_15_mtf_15min.pkl,NGG6,0,0,0,0.0,0.0,0.0,0.0,0.0,0.0,0.0,0.0
xgb_NGG6_60_1h.pkl,quad_ensemble_NGG6_15_mtf_15min.pkl,NGG6,0,0,0,0.0,0.0,0.0,0.0,0.0,0.0,0.0,0.0
xgb_NGG6_60_1h.pkl,rf_NGG6_15_15min.pkl,NGG6,0,0,0,0.0,0.0,0.0,0.0,0.0,0.0,0.0,0.0
xgb_NGG6_60_1h.pkl,rf_NGG6_15_15min.pkl,NGG6,0,0,0,0.0,0.0,0.0,0.0,0.0,0.0,0.0,0.0
xgb_NGG6_60_1h.pkl,rf_NGG6_15_mtf_15min.pkl,NGG6,0,0,0,0.0,0.0,0.0,0.0,0.0,0.0,0.0,0.0
xgb_NGG6_60_1h.pkl,rf_NGG6_15_mtf_15min.pkl,NGG6,0,0,0,0.0,0.0,0.0,0.0,0.0,0.0,0.0,0.0
xgb_NGG6_60_1h.pkl,triple_ensemble_NGG6_15_15min.pkl,NGG6,0,0,0,0.0,0.0,0.0,0.0,0.0,0.0,0.0,0.0
xgb_NGG6_60_1h.pkl,triple_ensemble_NGG6_15_15min.pkl,NGG6,0,0,0,0.0,0.0,0.0,0.0,0.0,0.0,0.0,0.0
xgb_NGG6_60_1h.pkl,triple_ensemble_NGG6_15_mtf_15min.pkl,NGG6,0,0,0,0.0,0.0,0.0,0.0,0.0,0.0,0.0,0.0
xgb_NGG6_60_1h.pkl,triple_ensemble_NGG6_15_mtf_15min.pkl,NGG6,0,0,0,0.0,0.0,0.0,0.0,0.0,0.0,0.0,0.0
xgb_NGG6_60_1h.pkl,xgb_NGG6_15_15min.pkl,NGG6,0,0,0,0.0,0.0,0.0,0.0,0.0,0.0,0.0,0.0
xgb_NGG6_60_1h.pkl,xgb_NGG6_15_15min.pkl,NGG6,0,0,0,0.0,0.0,0.0,0.0,0.0,0.0,0.0,0.0
xgb_NGG6_60_1h.pkl,xgb_NGG6_15_mtf_15min.pkl,NGG6,0,0,0,0.0,0.0,0.0,0.0,0.0,0.0,0.0,0.0
xgb_NGG6_60_1h.pkl,xgb_NGG6_15_mtf_15min.pkl,NGG6,0,0,0,0.0,0.0,0.0,0.0,0.0,0.0,0.0,0.0
xgb_NGG6_60_1h.pkl,ensemble_NGG6_15_15min.pkl,NGG6,0,0,0,0.0,0.0,0.0,0.0,0.0,0.0,0.0,0.0
xgb_NGG6_60_1h.pkl,ensemble_NGG6_15_15min.pkl,NGG6,0,0,0,0.0,0.0,0.0,0.0,0.0,0.0,0.0,0.0
xgb_NGG6_60_1h.pkl,ensemble_NGG6_15_mtf_15min.pkl,NGG6,0,0,0,0.0,0.0,0.0,0.0,0.0,0.0,0.0,0.0
xgb_NGG6_60_1h.pkl,ensemble_NGG6_15_mtf_15min.pkl,NGG6,0,0,0,0.0,0.0,0.0,0.0,0.0,0.0,0.0,0.0
xgb_NGG6_60_1h.pkl,quad_ensemble_NGG6_15_15min.pkl,NGG6,0,0,0,0.0,0.0,0.0,0.0,0.0,0.0,0.0,0.0
xgb_NGG6_60_1h.pkl,quad_ensemble_NGG6_15_15min.pkl,NGG6,0,0,0,0.0,0.0,0.0,0.0,0.0,0.0,0.0,0.0
xgb_NGG6_60_1h.pkl,quad_ensemble_NGG6_15_mtf_15min.pkl,NGG6,0,0,0,0.0,0.0,0.0,0.0,0.0,0.0,0.0,0.0
xgb_NGG6_60_1h.pkl,quad_ensemble_NGG6_15_mtf_15min.pkl,NGG6,0,0,0,0.0,0.0,0.0,0.0,0.0,0.0,0.0,0.0
xgb_NGG6_60_mtf_1h.pkl,ensemble_NGG6_15_15min.pkl,NGG6,0,0,0,0.0,0.0,0.0,0.0,0.0,0.0,0.0,0.0
xgb_NGG6_60_mtf_1h.pkl,ensemble_NGG6_15_15min.pkl,NGG6,0,0,0,0.0,0.0,0.0,0.0,0.0,0.0,0.0,0.0
xgb_NGG6_60_mtf_1h.pkl,ensemble_NGG6_15_mtf_15min.pkl,NGG6,0,0,0,0.0,0.0,0.0,0.0,0.0,0.0,0.0,0.0
xgb_NGG6_60_mtf_1h.pkl,ensemble_NGG6_15_mtf_15min.pkl,NGG6,0,0,0,0.0,0.0,0.0,0.0,0.0,0.0,0.0,0.0
